SrNo,Date,NO,CO,NO2,O3,SO2,PM2.5,Benzene,Toulene,P_Xylene,NOx,PM10,WindDirection,NH3,RH,Temp,WindSpeed,VerticalWindSpeed,Solar,BarPressure,Weather,PD_PM2.5,PD_PM10,PD_NO2,PD_SO2,PD_CO
1,04-04-2015,7.22,1.77,47.94,51.07,16.88,48.99,2.53,9.65,3,52.97,82.85,141.61,26.54,61.34,20.24,1.22,0.08,162.18,732.25,Summer,NA,NA,NA,NA,NA
2,05-04-2015,6.99,0.22,45.27,19.26,16.71,60.2,3.19,11.1,2.67,51.31,113.53,166.34,30.99,75.54,16.93,0.62,-0.04,99.37,734.05,Summer,48.99,82.85,47.94,16.88,1.77
3,09-04-2015,7.6,0.5,59.86,94.29,13.11,46.93,2.29,8.61,3.43,65.53,171.36,220.18,17.4,33.75,26.59,1.55,-0.17,146.94,728.08,Summer,NA,NA,NA,NA,NA
4,10-04-2015,7.57,0.77,63.56,66.91,16.19,112.95,3.92,10.76,4.66,68.83,232.22,233,25.85,42.96,25.21,1.18,-0.15,150.07,730.47,Summer,46.93,171.36,59.86,13.11,0.5
5,11-04-2015,8.34,0.48,61.99,69.48,20.28,104.87,5.19,15.95,7.66,67.4,235.05,221.01,29.51,40.74,26.52,0.88,0.15,137.01,730.62,Summer,112.95,232.22,63.56,16.19,0.77
6,12-04-2015,6.89,0.41,50.71,33.28,18.84,48.74,2.12,7.57,2.47,56.19,111.06,162.73,34.26,57.97,20.72,1.56,-0.16,59.33,732.96,Summer,104.87,235.05,61.99,20.28,0.48
7,13-04-2015,6.89,0.37,50.47,45.15,16.26,62.7,2.29,7.62,2.8,55.71,119.54,173.54,36.11,61.1,21.98,1.35,-0.13,133.14,732.73,Summer,48.74,111.06,50.71,18.84,0.41
8,14-04-2015,7.21,1.25,48.96,52.98,17.38,66.6,2.36,7.45,2.57,54.88,132.65,163.34,29.83,54.35,23.91,1.3,0.35,144.71,732.15,Summer,62.7,119.54,50.47,16.26,0.37
9,15-04-2015,7.16,1.81,67.51,27.02,13.4,68.11,3.03,10.89,4.32,71.63,151.87,222.41,29.65,60.16,22.91,0.37,1.39,4.46,730.5,Summer,66.6,132.65,48.96,17.38,1.25
10,16-04-2015,6.64,1.58,47.51,24.05,17.12,63.76,2.91,10.08,2.75,53.07,110.12,173.37,24.56,53.83,23.58,1.45,0.34,114.03,731.25,Summer,68.11,151.87,67.51,13.4,1.81
11,17-04-2015,7.39,1.59,51.28,54.96,21.14,68.72,2.86,10.14,3.41,57.37,183.81,222.58,26.72,46.75,25.67,1.29,-0.27,147.54,731.55,Summer,63.76,110.12,47.51,17.12,1.58
12,18-04-2015,7.18,1.66,62.32,59.17,24.89,183.15,4.66,11.3,4.44,66.96,291.06,219.64,25.21,38.16,28.65,0.98,0.32,144.33,731.31,Summer,68.72,183.81,51.28,21.14,1.59
13,19-04-2015,7.94,1.94,64.65,73.74,19.55,125.04,6.14,18.55,9.19,69.26,311.33,221.19,28.49,38.65,30.25,0.66,0.47,142.35,731.61,Summer,183.15,291.06,62.32,24.89,1.66
14,20-04-2015,6.91,1.52,58.82,57.16,19.01,121.78,2.47,6.53,2.61,63.29,370.26,161.85,28.05,33.75,31.11,1.33,0.57,135.35,729.96,Summer,125.04,311.33,64.65,19.55,1.94
15,21-04-2015,7.03,1.58,51.8,59.96,25.28,108.24,2.53,5.96,2.01,57.5,363.63,218.25,24.57,29.83,30.53,1.41,0.56,144.91,729.9,Summer,121.78,370.26,58.82,19.01,1.52
16,22-04-2015,7.45,1.53,62,75.62,28.69,96.32,3.67,8.14,2.67,67.3,278.09,220.04,17.95,21.84,29.73,1.44,0.05,150.39,729.96,Summer,108.24,363.63,51.8,25.28,1.58
17,23-04-2015,8.3,1.95,78.31,89.35,28.34,142.95,4.72,14.42,6.25,82.32,297.15,213.09,21.6,26.29,29.86,0.88,0.04,147,730.48,Summer,96.32,278.09,62,28.69,1.53
18,24-04-2015,8.1,1.55,106.11,80.9,30.65,137.22,5.53,17.32,8.6,107.01,304.19,183.82,27.91,27.65,30.14,0.69,-0.4,141.7,731.41,Summer,142.95,297.15,78.31,28.34,1.95
19,25-04-2015,7.35,0.93,56.95,76.78,23.78,90.81,2.2,7.67,3.25,62.17,377.34,145.52,32.02,36.2,28.35,2.52,1.28,147.16,730.09,Summer,137.22,304.19,106.11,30.65,1.55
20,26-04-2015,6.8,0.86,31.32,86.24,28.86,62.29,1.08,0,1.2,38.42,220.23,131.17,31.67,41.46,26.45,2.72,2.07,50.86,731.6,Summer,90.81,377.34,56.95,23.78,0.93
21,27-04-2015,6.86,0.87,33.22,61.41,18.63,64.55,1.24,0,0.89,40.2,208.92,133.51,29.82,43.39,28.43,2.97,1.77,146.29,731.33,Summer,62.29,220.23,31.32,28.86,0.86
22,28-04-2015,6.77,0.83,28.48,92.69,20.32,69.7,1.14,0,1.02,35.75,162.54,156.19,26.1,40.23,29.31,2.32,1.46,147.72,731.47,Summer,64.55,208.92,33.22,18.63,0.87
23,29-04-2015,6.76,0.88,58.84,74.32,17.4,57.89,1.59,5.09,1.38,63.41,142.42,146.17,28.27,39.73,29.61,1.67,2.08,148.05,731.76,Summer,69.7,162.54,28.48,20.32,0.83
24,30-04-2015,3.75,0.91,68.28,102.77,20.58,63.27,1.71,0,1.19,68.08,176.16,143.94,29.65,35.86,31.04,2.11,2.27,148.17,731.41,Summer,57.89,142.42,58.84,17.4,0.88
25,01-05-2015,26.86,1.15,91.43,94.17,23.63,62.51,1.43,5.04,1.9,121.07,178.88,146.64,26.91,34.94,30.08,1.87,2.48,149.74,731.3,Summer,63.27,176.16,68.28,20.58,0.91
26,02-05-2015,88.68,1.42,109.41,93.54,31.84,76.49,2.57,10.1,3.78,223.97,165.76,210.22,28.9,35.95,29.04,1.03,0.15,144.58,731.78,Summer,62.51,178.88,91.43,23.63,1.15
27,03-05-2015,161.14,1.42,141.16,111.31,33.82,137.5,5.71,17.69,8.22,354.74,254.83,186.03,34.7,31.53,29.56,0.84,0.72,146.85,732.26,Summer,76.49,165.76,109.41,31.84,1.42
28,04-05-2015,141.81,1.61,126.43,102.9,25.82,116.36,4.07,13.11,6.47,315.63,234.73,209.25,35.64,30.55,30.18,0.9,1.7,147.52,732.02,Summer,137.5,254.83,141.16,33.82,1.42
29,05-05-2015,154.61,1.66,149.01,109.28,37.68,135.44,4.77,16.11,7.95,355.19,324.72,226.58,37.02,28.53,30.92,0.98,1.44,144.72,733.09,Summer,116.36,234.73,126.43,25.82,1.61
30,06-05-2015,101.11,1.14,122.86,79.06,35.47,149.85,4.09,11.17,4.99,255.66,364.5,232.46,28.03,19.23,33.02,1.16,1.19,143.33,733.01,Summer,135.44,324.72,149.01,37.68,1.66
31,07-05-2015,27.45,0.95,75.3,78.97,37.25,94.05,2.65,6.09,1.97,107.56,295.75,224.77,22.42,15.19,34.03,1.79,1.04,146.04,733.1,Summer,149.85,364.5,122.86,35.47,1.14
32,08-05-2015,64.33,1.21,69.19,67.56,47.61,109.51,3.85,7.77,3.5,154.4,334.48,241.63,19.25,18.7,33.09,1.52,0.93,144.34,732.12,Summer,94.05,295.75,75.3,37.25,0.95
33,09-05-2015,82.94,1.33,59.64,50.45,30.67,104.91,3.27,10.73,5.72,171.8,288.56,221.81,17.72,23.46,33.23,1.1,1.9,147.59,731.54,Summer,109.51,334.48,69.19,47.61,1.21
34,10-05-2015,8.06,1.24,25.27,105.29,33.1,108.58,2.96,10.29,4.92,34.16,308.74,214.21,5.86,21.51,33.91,0.95,1.81,144.84,731.33,Summer,104.91,288.56,59.64,30.67,1.33
35,11-05-2015,19.66,1.67,70.35,92.29,37.99,137.49,2.56,7.04,2.94,87.67,381.89,189.42,13.8,30.71,32.1,1.84,1.07,125.37,731.47,Summer,108.58,308.74,25.27,33.1,1.24
36,12-05-2015,9.27,1.33,66.3,42.47,6.01,124.74,1.42,0,1.28,74.09,337.67,153.77,32.75,40.29,31.18,1.75,1.02,139.79,729.99,Summer,137.49,381.89,70.35,37.99,1.67
37,13-05-2015,NA,2.58,NA,14.31,1.56,84.63,1.6,5.59,1.43,NA,167.18,146.08,NA,54.42,26.35,1.75,0.95,85.88,725.54,Summer,124.74,337.67,66.3,6.01,1.33
38,14-05-2015,NA,0.7,NA,31.95,6.59,96.3,3.34,12.56,4.84,NA,173.15,186.32,1,49.72,27.82,1.03,0.93,156.66,726.42,Summer,84.63,167.18,NA,1.56,2.58
39,15-05-2015,5.4,1.18,78.91,21.11,5.46,109.32,2.44,11.14,4.73,79.98,209.37,170.91,10.53,47.58,27.77,1.29,1.81,132.01,728.38,Summer,96.3,173.15,NA,6.59,0.7
40,16-05-2015,56.22,1.96,97.7,84.25,10.44,96.41,3.09,10.5,3.93,169.2,172.14,183.33,20.48,46.87,28.86,0.88,2.23,152.82,730.41,Summer,109.32,209.37,78.91,5.46,1.18
41,17-05-2015,11.35,1.42,60.15,60.85,11.59,102.2,2.34,7.62,2.57,71.37,197.38,169.94,24.63,37.99,31.96,1.19,2.18,154.23,731.17,Summer,96.41,172.14,97.7,10.44,1.96
42,18-05-2015,1.12,1.92,34.87,81.34,12.17,72,2.95,8.52,3.58,33.67,185.97,170.24,27.93,32.44,34.35,0.97,2.37,149.9,729.24,Summer,102.2,197.38,60.15,11.59,1.42
43,19-05-2015,16.45,1.56,85.09,44.36,10.01,94.03,2.5,8.37,2.9,101.49,241.73,185.43,37.31,39.78,31.18,2.01,1.64,111.63,727.81,Summer,72,185.97,34.87,12.17,1.92
44,20-05-2015,18.37,1.64,69.24,50.18,9.24,78.08,2.46,6.54,2.62,89.64,150.79,236.93,34.69,37.86,30.39,1.73,0.19,158.25,728.41,Summer,94.03,241.73,85.09,10.01,1.56
45,21-05-2015,6.83,2.09,53.58,54.86,15.91,95.29,2.02,0,1.78,59.22,291.4,241.74,28.74,27.88,33.78,1.71,0.57,156.07,731.12,Summer,78.08,150.79,69.24,9.24,1.64
46,22-05-2015,18.41,1.83,73.36,69.12,13.42,58.4,1.11,0,1.66,93.48,200.46,231.05,6.56,20.75,34.7,1.56,-0.02,155.7,728.22,Summer,95.29,291.4,53.58,15.91,2.09
47,23-05-2015,20.09,1.73,61.99,58.42,13.42,66.61,1.04,0,1.47,85.27,283.08,249.94,11.67,17.83,36.19,1.8,0.79,151.56,729.64,Summer,58.4,200.46,73.36,13.42,1.83
48,24-05-2015,62.12,2.45,76.84,99.26,26.7,95.64,1.69,5.35,3.79,153.44,283.85,189.01,17.87,22.66,35.37,1.08,1.15,151.33,729.44,Summer,66.61,283.08,61.99,13.42,1.73
49,25-05-2015,65.33,1.94,65.4,50.46,11.87,110.63,1.48,0,0.97,152.31,399.57,247.46,16.56,20.59,36.35,1.61,-0.07,146.63,730.98,Summer,95.64,283.85,76.84,26.7,2.45
50,26-05-2015,15.7,1.03,60.98,60.19,15.54,111.09,0.45,0,0.3,77.72,320.67,240.08,11.02,16.03,36.28,1.67,0.49,154.6,729.36,Summer,110.63,399.57,65.4,11.87,1.94
51,27-05-2015,85.01,0.94,100.31,118.76,24.37,85.74,3.53,9.86,4.59,211.61,254.88,216.56,9.19,17.39,33.32,1.22,0.34,161.73,728.83,Summer,111.09,320.67,60.98,15.54,1.03
52,28-05-2015,112.54,0.98,81.09,54.55,16.49,235.48,0.57,0,0.46,229.47,698.52,196.9,17.49,27.93,33.03,1.29,2.34,147.5,728.74,Summer,85.74,254.88,100.31,24.37,0.94
53,29-05-2015,77.82,4.78,76.08,63.68,11.35,93.08,1.15,0,1.15,179.77,298.35,179.44,19.19,29.24,33.71,1.39,2.1,145.28,729.6,Summer,235.48,698.52,81.09,16.49,0.98
54,30-05-2015,59.45,1.04,72.08,61.96,17.28,107.21,1.71,7.85,3.84,149.89,250.54,225.68,15.68,26.33,34.41,1.21,2.27,154.97,730.12,Summer,93.08,298.35,76.08,11.35,4.78
55,31-05-2015,21.69,1.03,51.92,62.84,14.1,96.88,1.81,0,6.15,78.38,428.3,187.93,13.08,24.7,33.69,2.23,1.44,147.69,728.78,Summer,107.21,250.54,72.08,17.28,1.04
56,01-06-2015,15.87,1.05,52.78,63.8,12.64,52.06,0.16,0,NA,69.85,199.78,199.93,13.6,34.28,28.64,2.1,0.49,111.01,727.23,Summer,96.88,428.3,51.92,14.1,1.03
57,02-06-2015,18.42,1.13,85.82,75.86,11.29,76.71,3.3,8.25,2.55,104.72,121.2,157.25,25.14,43.38,27.79,1.22,0.92,42.87,727.97,Summer,52.06,199.78,52.78,12.64,1.05
58,03-06-2015,16.63,1.72,82.51,24.71,10.1,84.09,1.59,0,1.63,99.37,135.65,164.69,32.92,46.58,26.43,1.63,0.26,99.41,725.82,Summer,76.71,121.2,85.82,11.29,1.13
59,04-06-2015,19.8,2.3,79.27,58.81,9.56,95.38,8.59,20.33,6.05,100.86,180.92,206.42,30.21,44.13,29.52,1.09,1.22,153.17,730.14,Summer,84.09,135.65,82.51,10.1,1.72
60,05-06-2015,33.84,2.42,131.67,4.98,4.94,122.81,7.63,24.88,15.13,168.88,229.62,235.6,55.66,51.07,26.6,0.34,3.56,3.31,724.55,Summer,95.38,180.92,79.27,9.56,2.3
61,06-06-2015,60.02,2.78,103.31,45.72,8.76,78.12,10.52,30.03,14.97,176.19,185.42,218.66,15.86,29.04,32.84,1.02,2.44,57.52,730.13,Summer,122.81,229.62,131.67,4.94,2.42
62,07-06-2015,66.9,2.47,87.38,15.16,7.94,139.74,4.68,11.39,8.78,174.76,233.54,254.53,36.51,40.4,30.79,0.83,2.91,144.95,727.84,Summer,78.12,185.42,103.31,8.76,2.78
63,08-06-2015,6.24,1.75,48.63,89.6,15.15,47.68,6.41,20.2,5.37,53.45,136.62,185.28,22.24,20.84,41.05,1.83,0.35,256.48,735.38,Summer,139.74,233.54,87.38,7.94,2.47
64,09-06-2015,2.35,1.61,31.89,46.55,13.41,82.5,5.7,10.64,3.19,32.66,336.12,234.96,12.37,27.92,37.55,2.83,0.24,111.39,734.46,Summer,47.68,136.62,48.63,15.15,1.75
65,10-06-2015,2.22,1.51,25.53,17.87,8.06,68.05,3.87,6.96,1.35,26.49,171.52,207.48,12.96,38.44,35.41,2.57,-0.09,152.41,731.51,Summer,82.5,336.12,31.89,13.41,1.61
66,11-06-2015,2.86,1.5,35.71,10.93,7.69,148.1,3.01,9.1,2.31,36.84,384.6,232.64,12.98,35.84,34.16,2.33,0.43,141.02,730.51,Summer,68.05,171.52,25.53,8.06,1.51
67,12-06-2015,15.32,1.8,34.97,20.72,9.18,86.08,4.62,12.03,4.46,52.38,179.9,226.12,13.56,35.58,34.29,2.08,0.01,156.26,730.84,Summer,148.1,384.6,35.71,7.69,1.5
68,13-06-2015,14.67,1.78,46.97,12.58,5.8,78.46,2.51,6.24,3.08,63.32,158.35,212.58,15.36,46.03,29.64,2.2,0.64,115.01,728.4,Summer,86.08,179.9,34.97,9.18,1.8
69,14-06-2015,6.66,1.97,62.8,30.12,5.4,81.4,3.89,8.82,4.57,67.18,120.34,176.33,27.1,68.61,24.41,1.12,0.17,94.16,728.22,Summer,78.46,158.35,46.97,5.8,1.78
70,15-06-2015,25.74,2.48,72.36,18.02,5.96,107.36,8.27,20.59,8.67,102.9,187.3,185.39,36.26,59.11,28.37,0.84,0.56,122.44,729.76,Summer,81.4,120.34,62.8,5.4,1.97
71,16-06-2015,52.53,2.52,80.01,26.35,4.56,119.66,7.33,17.29,10.4,147.72,219.96,209.16,40.64,53.7,30.45,0.97,0.44,140.32,730.5,Summer,107.36,187.3,72.36,5.96,2.48
72,17-06-2015,58.44,2.78,83.8,44.74,6.93,146.87,9.67,21.81,10.05,158.02,263.19,215.24,28.71,47.63,32,0.77,1.14,151.84,731.61,Summer,119.66,219.96,80.01,4.56,2.52
73,18-06-2015,45.83,2.81,119.46,51.44,6.12,126.82,10.84,21.52,10.85,174.57,252.83,170.65,42.48,43.82,33.45,0.76,1.74,143.95,732.59,Summer,146.87,263.19,83.8,6.93,2.78
74,19-06-2015,3.49,2.18,65.84,43.15,3.76,108.67,5.51,17.15,7.92,65.51,220.79,126.69,34.48,43.71,34.23,1.72,2.4,146.01,732.51,Summer,126.82,252.83,119.46,6.12,2.81
75,20-06-2015,3.04,1.83,50.6,31.05,5.03,59.43,3.12,8.15,2.52,50.8,161.92,132.16,25.83,47.98,31.65,3.13,2.89,148.82,731.52,Summer,108.67,220.79,65.84,3.76,2.18
76,21-06-2015,6.05,2.06,68.81,22.46,2.01,53.16,1.01,0,0.53,71.86,100.46,126.82,26.87,56.48,29.95,2.18,0.56,131.3,730.79,Summer,59.43,161.92,50.6,5.03,1.83
77,22-06-2015,9.59,1.91,73.68,15.96,3.48,56.41,4.9,10.51,3.74,81.32,112.59,134.56,33.82,57.85,30.12,1.87,-0.06,151.04,731.85,Summer,53.16,100.46,68.81,2.01,2.06
78,23-06-2015,24.05,2.16,70.68,21.12,5.49,65.31,8.34,20.66,7.1,98.96,160.36,164.5,38.58,59.01,30.06,1.3,-0.12,121.17,732.43,Summer,56.41,112.59,73.68,3.48,1.91
79,24-06-2015,9.66,2.18,70.54,23.18,3,121.15,7.84,20.23,6.75,134.57,191.47,153.48,37.91,70.05,27.31,1.35,-0.12,98.26,731.28,Summer,65.31,160.36,70.68,5.49,2.16
80,25-06-2015,22.7,2.13,62.15,42.31,8.4,42.57,7.54,20.48,6.7,253.3,72.24,129.31,24.7,77.98,23.61,1.53,-0.13,79.76,731.2,Summer,121.15,191.47,70.54,3,2.18
81,26-06-2015,10.12,1.25,44.05,24.29,4.65,69.99,5.91,14.98,5.24,155.44,148.76,223.37,19.79,59.21,28.74,1.78,-0.23,162.73,731.49,Summer,42.57,72.24,62.15,8.4,2.13
82,27-06-2015,1.94,1.45,39.2,18.79,7.01,77.68,4.46,9.97,2.33,110.14,171.72,225.32,18.75,50.61,30.71,2.08,-0.09,154.05,731.83,Summer,69.99,148.76,44.05,4.65,1.25
83,28-06-2015,4.01,1.76,47.36,32.37,6.07,94.3,3.92,10.55,4.01,139.77,206,182.13,16.59,46.64,32.63,1.54,0.3,157.42,731.86,Summer,77.68,171.72,39.2,7.01,1.45
84,29-06-2015,2.47,1.77,31.24,23.55,6.59,44.93,2.37,5.2,1.25,90.77,85.99,153.09,20.81,55.96,29.11,2.39,0.49,142.42,731.45,Summer,94.3,206,47.36,6.07,1.76
85,30-06-2015,2.06,1.71,46.13,27.98,5.84,56.81,3.5,6.57,1.7,128.49,115.76,171.71,13.96,58.42,28.2,1.5,0.16,99.52,730.95,Summer,44.93,85.99,31.24,6.59,1.77
86,01-07-2015,2.68,1.65,49.95,31.4,5.44,54.6,3.66,9.51,2.33,141.1,133.12,188.61,13.77,54.47,29.72,1.44,0.37,146.52,731.9,Monsoon,56.81,115.76,46.13,5.84,1.71
87,02-07-2015,3.66,1.7,51.12,30.26,5.97,62.66,1.34,0,0.69,147.45,150.07,209.58,11.04,45,31.89,1.21,1.32,151.66,731.49,Monsoon,54.6,133.12,49.95,5.44,1.65
88,03-07-2015,2.17,1.58,30.92,20.61,12.33,78.02,2.41,6.98,1.49,88.7,221.13,234.06,13.95,49.55,31.37,2.18,-0.12,146.67,731.76,Monsoon,62.66,150.07,51.12,5.97,1.7
89,04-07-2015,2.49,1.35,26.13,19.26,5.38,105.67,1.21,0,0.64,77.44,282.92,254.42,16.16,58.68,28.56,2.67,-0.35,157.93,730.7,Monsoon,78.02,221.13,30.92,12.33,1.58
90,05-07-2015,30.04,2.05,41.15,15.74,6.52,196.12,1.84,5.13,2.71,227.79,548.13,223.61,14.49,41.98,35.27,1.49,1.22,167.4,732.81,Monsoon,105.67,282.92,26.13,5.38,1.35
91,06-07-2015,15.22,1.86,51.66,16.02,7.23,70.11,3.6,11.41,4.86,195.89,141.87,175.64,16.33,71.38,26.2,2.18,0.07,63.04,731.02,Monsoon,196.12,548.13,41.15,6.52,2.05
92,07-07-2015,21.1,2.16,64.18,20.23,4.94,58.94,7.3,21.41,12.27,252.19,81.6,172.65,16.9,77.81,25.38,0.95,-0.22,108.56,731.94,Monsoon,70.11,141.87,51.66,7.23,1.86
93,08-07-2015,22.57,2.19,57.22,17.42,4.36,67.79,6.34,16.12,7.2,239.88,98.41,178.8,20.43,71.19,28.03,1.03,-0.14,134.87,731.53,Monsoon,58.94,81.6,64.18,4.94,2.16
94,09-07-2015,25.89,2.32,69.52,25.18,5.44,59.98,5.97,16.34,8.81,285.32,92.47,197.58,26.29,74.08,27.19,0.96,-0.39,99.56,731.35,Monsoon,67.79,98.41,57.22,4.36,2.19
95,10-07-2015,25,2.09,58.54,13.76,6.44,32.5,6.43,17.75,8.78,253.03,60.18,160.07,24.39,83.35,24.26,1.07,-1.09,29.96,730.92,Monsoon,59.98,92.47,69.52,5.44,2.32
96,11-07-2015,31.79,19.9,51.5,26.52,5.19,29.38,5.66,16.96,8.87,261.84,41.47,127.99,13.86,86.82,22.63,1.45,-1.38,24.24,730.74,Monsoon,32.5,60.18,58.54,6.44,2.09
97,12-07-2015,15.43,1.74,32.94,15.65,5.29,27.47,4.45,12.28,4.86,147.84,36.63,186.39,11.27,85.36,22.73,1.53,-0.35,50.09,731.99,Monsoon,29.38,41.47,51.5,5.19,19.9
98,13-07-2015,23.37,2.19,41.19,16.93,7.58,45.68,5.61,16.22,8.09,201.2,76.45,189.73,11.6,70.15,27.48,0.94,-0.69,150.09,731.9,Monsoon,27.47,36.63,32.94,5.29,1.74
99,14-07-2015,10.67,1.7,40.5,16,4.94,46.01,3.83,11.14,4.11,148.52,96.38,229.12,23.36,67.25,28.74,1.64,-1.15,141.94,732.42,Monsoon,45.68,76.45,41.19,7.58,2.19
100,15-07-2015,5.41,1.53,36.25,15.84,6.63,70.01,2.8,8.43,2.55,116.37,194.44,252.87,15.61,55.88,30.94,2.36,-0.69,156.17,732.19,Monsoon,46.01,96.38,40.5,4.94,1.7
101,16-07-2015,6.98,1.55,43.52,20.93,5.46,94.06,2.86,10.97,3.39,141.67,209.69,221.26,14.81,57.37,30.22,2.38,-0.3,140.74,731.72,Monsoon,70.01,194.44,36.25,6.63,1.53
102,17-07-2015,14.45,2.88,41.11,22.26,15.27,83.3,7.17,20.64,11.13,163.45,138.63,169.46,31.19,71.42,28.21,1.5,0.57,99.77,732.31,Monsoon,94.06,209.69,43.52,5.46,1.55
103,18-07-2015,19.94,1.88,45.81,38.26,5.15,75.17,5.98,18.46,9.94,199.5,115.39,177.72,25.9,76.09,27.08,0.63,0.24,70.68,732.41,Monsoon,83.3,138.63,41.11,15.27,2.88
104,19-07-2015,21.46,1.51,64.88,36.43,6.09,75.98,4.74,12.47,10.32,255.43,117.27,176.59,41.82,70.48,27.44,0.72,-0.37,115.42,731.14,Monsoon,75.17,115.39,45.81,5.15,1.88
105,20-07-2015,23.05,2.34,67.95,26.77,5.35,56.66,3.97,11.42,8.2,269.82,82.51,158.81,31.57,74.32,26.3,1,0.14,92.38,730.59,Monsoon,75.98,117.27,64.88,6.09,1.51
106,21-07-2015,7.13,1.12,43.56,20.5,4.45,43.01,3.47,10.12,4.84,142.32,69.23,140.38,27.47,65.82,29.23,1.52,-2.07,144.25,731.34,Monsoon,56.66,82.51,67.95,5.35,2.34
107,22-07-2015,5.31,0.95,41.05,22.53,5.6,40.65,3.23,8.51,2.51,128.5,65.42,142.37,28.89,63.44,30.05,1.71,-2.87,143.55,731.99,Monsoon,43.01,69.23,43.56,4.45,1.12
108,23-07-2015,6.91,1.6,46.99,21.1,7.97,37.97,3.45,10.18,3.04,150.43,81.88,133.69,28.37,63.94,29.64,2.17,-2.25,132.16,732.19,Monsoon,40.65,65.42,41.05,5.6,0.95
109,24-07-2015,9.49,1.33,47.49,24.53,5.89,47.71,6.74,16.84,8.03,162.03,88.56,165.19,32.21,64.56,29.36,1.42,-0.15,121.28,732.45,Monsoon,37.97,81.88,46.99,7.97,1.6
110,25-07-2015,10.27,1.23,47.21,24.8,6.32,47.69,4.66,14.62,5.18,164.02,85.72,149.46,33.62,65.44,29.36,1.58,-1.34,152.29,731.95,Monsoon,47.71,88.56,47.49,5.89,1.33
111,26-07-2015,3.51,0.82,28.97,22.31,5.31,28.57,2.41,7.81,2.12,89.77,58.47,128.94,29.87,68.94,27.67,3.45,0.26,123.09,730.65,Monsoon,47.69,85.72,47.21,6.32,1.23
112,27-07-2015,4.4,0.76,30.57,21.94,5.97,22.08,2.31,7.71,2.15,96.3,41.15,153.52,23.45,67.4,27.11,1.62,0.06,130.92,730.85,Monsoon,28.57,58.47,28.97,5.31,0.82
113,28-07-2015,2.9,0.73,30.26,22.6,4.68,18.75,1.76,6.35,1.37,85.99,44.98,155.33,21,64.68,26.84,1.46,0.04,124.54,730.57,Monsoon,22.08,41.15,30.57,5.97,0.76
114,29-07-2015,8.29,1.11,38.37,21.01,4.47,22.73,2.71,10.04,3.02,123.02,51.96,151.1,19.92,68,25.33,1.77,0.05,113.38,731.05,Monsoon,18.75,44.98,30.26,4.68,0.73
115,30-07-2015,4.49,0.87,32.36,20.27,5.74,22.03,2.14,7.7,1.97,96.22,41.26,232.86,23.09,67.95,26.86,1.16,-0.09,108.6,731.75,Monsoon,22.73,51.96,38.37,4.47,1.11
116,31-07-2015,12.9,0.92,38.88,20.61,5.89,36.96,3.27,11.81,4.7,142.65,79.05,246.63,19.6,70.28,26.26,0.99,-0.15,88.11,731.06,Monsoon,22.03,41.26,32.36,5.74,0.87
117,01-08-2015,19.75,1,38.8,20.93,6.68,40.32,3.25,11.18,4.11,180.43,88.88,244.23,19.7,70.12,26.1,1.01,-0.28,97,731.17,Monsoon,36.96,79.05,38.88,5.89,0.92
118,02-08-2015,11.02,1.01,36.54,24.09,4.67,48.03,3.69,12.95,4.18,139.59,89.59,242.26,21.33,68.21,27.46,0.93,-0.11,132.19,731.64,Monsoon,40.32,88.88,38.8,6.68,1
119,03-08-2015,11.43,1.02,40.27,25.45,5.66,45.31,3.67,12.09,3.86,150.97,100.4,231.55,24.35,63.94,29.09,1.27,-0.04,143.69,731.98,Monsoon,48.03,89.59,36.54,4.67,1.01
120,04-08-2015,6.52,1.13,49.08,33.76,6.78,45.35,4.1,12.17,4.01,153.85,106.78,216.41,26.19,62.99,29.55,0.98,-0.64,133.3,732.85,Monsoon,45.31,100.4,40.27,5.66,1.02
121,05-08-2015,29.85,1.49,58.38,63.67,6.73,62.79,6.44,21.5,9.67,270.34,101.98,174.05,30.18,73.6,27.63,0.95,-0.14,98.69,731.7,Monsoon,45.35,106.78,49.08,6.78,1.13
122,06-08-2015,8.11,1.3,51.38,19.48,7.11,58.99,5.44,17.97,6.49,174.6,84.74,187.01,36.16,75.94,27.24,0.9,0.01,88.27,731.87,Monsoon,62.79,101.98,58.38,6.73,1.49
123,07-08-2015,11.38,1.34,49.23,22.39,5.84,60.02,5.91,19.6,8.25,185.33,98.6,178.06,31.51,77.69,26.99,1.1,-0.16,104.55,731.57,Monsoon,58.99,84.74,51.38,7.11,1.3
124,08-08-2015,11.98,1.16,54.14,20.48,6.82,78.65,6.64,22.71,8.89,201.7,122.69,158.39,38.68,79.81,26.11,0.85,-0.09,73.07,731.38,Monsoon,60.02,98.6,49.23,5.84,1.34
125,09-08-2015,14.13,NA,41.13,20.91,5.66,61.72,5.83,19.4,7.25,173.38,83.91,181.53,30.72,82.94,24.97,1,-0.13,71.19,731.08,Monsoon,78.65,122.69,54.14,6.82,1.16
126,10-08-2015,34.07,2.15,68.28,44.2,10.91,97.12,10.8,31.32,12.61,330.32,134.74,212.2,29.27,68.71,29.46,0.86,-0.12,118,732.98,Monsoon,61.72,83.91,41.13,5.66,NA
127,11-08-2015,25.32,1.57,57.42,22.83,6.06,77.2,8.05,25.3,10.71,264.38,96.24,179.23,39.17,81.89,25.96,1.17,-0.22,53.36,731.76,Monsoon,97.12,134.74,68.28,10.91,2.15
128,12-08-2015,41.04,1.75,47.21,25.71,8.86,64.52,6.75,18.8,8.9,298.37,92.18,173.58,33.09,71.61,27.95,1.11,-0.16,131.5,731.64,Monsoon,77.2,96.24,57.42,6.06,1.57
129,13-08-2015,54.66,1.74,55.77,27.93,6.53,70.61,8.96,27.24,13.69,377.21,120.41,191.64,40.82,69.36,29.3,0.78,-0.11,127.35,732.81,Monsoon,64.52,92.18,47.21,8.86,1.75
130,14-08-2015,13.01,1.13,56.74,41.95,12.42,66.4,7.71,23.18,8.54,213.18,106.36,172.55,40.67,70.89,28.87,0.94,-0.14,123.21,732.19,Monsoon,70.61,120.41,55.77,6.53,1.74
131,15-08-2015,12.1,0.95,50.35,22.61,11.68,46.79,5.37,16.22,4.86,190.52,67.77,194.91,31.9,79.5,25.86,0.59,-0.11,54.64,731.67,Monsoon,66.4,106.36,56.74,12.42,1.13
132,16-08-2015,16.65,1.09,53.57,28.94,11.05,51.93,6.09,17.33,7.3,218.76,74.73,226.31,28.4,78.59,25.89,0.66,-0.12,106.02,730.91,Monsoon,46.79,67.77,50.35,11.68,0.95
133,17-08-2015,17.38,1.25,59.36,29.69,12.02,70.15,6.8,22.18,9.37,238.11,101.91,214.63,29.44,72.62,28.31,0.92,-0.21,128.57,731.94,Monsoon,51.93,74.73,53.57,11.05,1.09
134,18-08-2015,7.13,0.82,48.71,25.66,11,53,4.58,16.16,4.93,166.87,97.07,206.65,32.48,72.49,27.33,1.35,-0.24,134.06,731.75,Monsoon,70.15,101.91,59.36,12.02,1.25
135,19-08-2015,10.01,0.65,39.45,19.64,5.36,26.72,1.69,10.75,4.45,151.37,69.56,255.17,22.42,66.25,28.18,1.95,-0.3,135.78,732.23,Monsoon,53,97.07,48.71,11,0.82
136,20-08-2015,6.12,0.52,32.48,25.94,6.47,25.24,1.48,5.7,1.96,65.69,118.23,258.06,17.46,62.52,28.2,2.35,-0.34,131.91,731.59,Monsoon,26.72,69.56,39.45,5.36,0.65
137,21-08-2015,36.81,1.05,44.71,19.3,8.76,45.82,0.88,0,1.16,90.11,178.3,247.49,20.18,67.02,27.39,1.46,-0.2,113.95,732.16,Monsoon,25.24,118.23,32.48,6.47,0.52
138,22-08-2015,22.75,0.91,45.06,21.45,9.91,53.56,9.6,25.17,14.67,71.21,192.73,214.79,25.36,63.79,27.89,1.29,-0.09,134.39,732.68,Monsoon,45.82,178.3,44.71,8.76,1.05
139,23-08-2015,8.84,0.83,35.56,21.36,10.33,49.27,4.18,14.18,5.38,43.55,111.17,222.66,25.95,66.81,27.75,1.25,-0.15,124.68,733.03,Monsoon,53.56,192.73,45.06,9.91,0.91
140,24-08-2015,24.49,1.02,47.69,18.28,8.53,48.2,4.76,16.64,6.91,75.93,102.23,232.01,20.98,66.95,28.02,1.36,-0.2,142.78,733.02,Monsoon,49.27,111.17,35.56,10.33,0.83
141,25-08-2015,14.4,1.03,44.55,18.79,7.35,54.92,4.63,14.75,6.38,59.08,139.41,233.27,21.18,59.25,29.3,1.95,-0.23,145.92,732.92,Monsoon,48.2,102.23,47.69,8.53,1.02
142,26-08-2015,28.05,1.11,46.76,27.62,7.44,54.4,5.19,18.4,7.94,76.08,143.27,221.49,21.82,59.96,29.6,1.72,-0.23,132.52,733.12,Monsoon,54.92,139.41,44.55,7.35,1.03
143,27-08-2015,49.64,1.47,51.39,20.81,8.29,62.41,7.3,24.06,11.33,113.09,170.53,217.61,26.32,59.18,30.28,1.26,-0.2,143.8,732.44,Monsoon,54.4,143.27,46.76,7.44,1.11
144,28-08-2015,9.26,1.13,64.59,33.12,8.8,80.94,5.83,19.87,8.21,70.2,178.23,206.18,33.11,63,29.91,0.95,-0.16,134.28,732.26,Monsoon,62.41,170.53,51.39,8.29,1.47
145,29-08-2015,10.79,0.93,55.11,31.51,8.64,52.85,3.2,10.63,3.78,63.83,126.33,222.75,26.63,57.48,30.32,1.16,-0.2,142.22,731.9,Monsoon,80.94,178.23,64.59,8.8,1.13
146,30-08-2015,11.63,0.89,45.48,19.63,8.07,51.43,3.81,12.76,5.06,56.41,138.29,230.69,28.23,56.52,30.56,1.43,-0.2,136.01,731.87,Monsoon,52.85,126.33,55.11,8.64,0.93
147,31-08-2015,4.63,0.92,37.26,19.98,9.01,46.47,2.38,9.16,2.95,39.43,171.62,231.03,20.16,53.64,30.23,2.07,-0.24,139.33,731.43,Monsoon,51.43,138.29,45.48,8.07,0.89
148,01-09-2015,11.72,0.73,40.8,18.06,8.04,77.12,2.89,9.71,3.58,52.23,282.43,235.01,18.86,50.72,29.97,2.04,-0.23,144.3,732.04,Autumn,46.47,171.62,37.26,9.01,0.92
149,02-09-2015,17.46,0.73,44.72,29.6,9.55,111.47,2.88,9.39,3.65,63.35,343.76,247.22,16.45,49.41,29.43,1.89,-0.13,141.93,731.75,Autumn,77.12,282.43,40.8,8.04,0.73
150,03-09-2015,56.06,1.26,53.31,44.91,10.07,102.14,4.5,15.31,7.79,124.04,298.78,237.11,16.92,50.26,29.06,1.44,0.23,142.11,730.89,Autumn,111.47,343.76,44.72,9.55,0.73
151,04-09-2015,76.31,1.4,60.22,55.63,9.69,85.26,6.76,22.5,13.65,157.88,240.67,229.5,20.75,46.09,29.6,1.37,0.4,143.33,730.98,Autumn,102.14,298.78,53.31,10.07,1.26
152,05-09-2015,50.08,1,56.48,43.09,9.67,69.63,5.99,18.46,9.35,118.72,190.29,254.83,28.41,55.29,26.26,1.31,0.39,109,730.69,Autumn,85.26,240.67,60.22,9.69,1.4
153,07-09-2015,33.02,1.2,63.55,64.7,8.76,44.16,6.28,19.42,8.03,101.23,176.01,214.49,21.35,43.54,31.76,1.48,0.06,178.82,733.44,Autumn,NA,NA,NA,NA,NA
154,08-09-2015,30.36,1.05,58.64,73.37,6.91,51.68,4.95,17.04,6.26,92.39,217.94,225.95,30.75,51.66,29.09,1.64,-0.04,152.03,732.29,Autumn,44.16,176.01,63.55,8.76,1.2
155,09-09-2015,16.75,0.89,61.31,87.86,7.8,44.56,5.68,15.46,4.89,77.09,185.25,210.99,22.55,46.8,29.58,1.82,-0.17,141.83,732.54,Autumn,51.68,217.94,58.64,6.91,1.05
156,10-09-2015,19.17,0.98,74.6,68.82,8.26,47.72,5.99,18.06,6.76,92.64,168.36,211.98,25.2,47.34,29.71,1.52,0.25,140.14,732.12,Autumn,44.56,185.25,61.31,7.8,0.89
157,11-09-2015,12.92,1.19,79.69,84.4,9.9,59.15,7.08,20.73,7.86,88.65,155.39,198.25,30.27,52.62,29.15,1.29,0.75,139.62,731.99,Autumn,47.72,168.36,74.6,8.26,0.98
158,12-09-2015,54.33,1.62,91.75,83.02,8.77,88.66,7.59,23.81,10.27,155.13,186.32,185.51,42.39,56.45,30.08,0.56,0.02,128.72,731.81,Autumn,59.15,155.39,79.69,9.9,1.19
159,13-09-2015,51.12,1.77,87.79,91.51,9.55,98.69,6.47,19.62,9.69,147.77,265,200.53,39.42,56.79,30.02,0.53,0.25,114.4,731.69,Autumn,88.66,186.32,91.75,8.77,1.62
160,14-09-2015,81.65,2.24,112.65,97.22,6.1,118.29,8.66,27.7,14.87,211.09,252.91,189.89,45.75,53.22,30.25,0.61,0.49,126.78,732.02,Autumn,98.69,265,87.79,9.55,1.77
161,15-09-2015,32.94,1.78,96.42,102.94,7.88,115.08,8.16,24.85,12.02,130.4,227.98,201.29,43.42,54.76,30.82,0.53,0.45,127.27,732.03,Autumn,118.29,252.91,112.65,6.1,2.24
162,16-09-2015,5.82,1.19,62.17,61.39,6.94,94.52,4.94,13.52,4.9,63.34,194.34,174.15,46.32,54.69,30.46,0.89,1.54,124.44,731.99,Autumn,115.08,227.98,96.42,7.88,1.78
163,17-09-2015,24.35,1.57,91.76,63.22,9.4,122.29,7.98,23.02,9.63,115.01,248.74,175.24,44.67,57.12,29.76,0.64,1.77,115.85,731.77,Autumn,94.52,194.34,62.17,6.94,1.19
164,18-09-2015,10.43,1.21,57.38,28.19,9.36,54.89,5.31,17.65,8.02,65.36,127.55,153.17,35.98,63.94,28.75,1.48,2.12,101.98,731.92,Autumn,122.29,248.74,91.76,9.4,1.57
165,19-09-2015,22.39,1.16,62.68,44.92,6.65,69.7,6.75,19.8,7.76,86.43,109.87,154.39,37.47,71.7,28.12,1.09,-0.95,113.11,732.16,Autumn,54.89,127.55,57.38,9.36,1.21
166,20-09-2015,18.05,0.97,44.04,52.52,6.38,56.12,4.43,15.75,5.06,63.89,102.82,170.56,36.96,65.26,28.61,1.48,-0.37,129.48,731.99,Autumn,69.7,109.87,62.68,6.65,1.16
167,21-09-2015,5.15,0.72,38.5,38.01,9.53,35.9,2.81,8.71,2.54,41.11,67.03,182.82,20.12,62.98,27.88,1.21,-0.37,133.88,732.62,Autumn,56.12,102.82,44.04,6.38,0.97
168,22-09-2015,2.95,0.78,32.98,29.72,10.41,30.17,2.48,8.24,2.24,33.41,66.32,171.98,11.01,65.19,27.8,1.97,-0.2,120.69,732.22,Autumn,35.9,67.03,38.5,9.53,0.72
169,23-09-2015,5.66,0.69,41.55,36.57,11.34,29.25,3.48,10.86,3.32,44.41,60.17,186.54,10.15,63.18,26.1,1.89,-0.15,117.84,731.6,Autumn,30.17,66.32,32.98,10.41,0.78
170,24-09-2015,57.61,1.68,53.92,43.79,11.99,59.26,4.19,11.49,5.75,124.23,157.1,242.95,14.27,53.65,26.12,1.95,-0.27,136.15,731.61,Autumn,29.25,60.17,41.55,11.34,0.69
171,25-09-2015,95.36,1.96,60.8,46.7,11.96,72.69,6.97,21.57,13.11,184.4,193.97,243.15,22.83,49.94,26.14,1.29,0.32,135.01,732.13,Autumn,59.26,157.1,53.92,11.99,1.68
172,26-09-2015,128.42,2.74,54.5,45.58,12.78,87.41,9.45,26.18,16.98,223.91,213.27,231.02,33.54,57.09,26.57,1.21,0.37,129.46,733.48,Autumn,72.69,193.97,60.8,11.96,1.96
173,27-09-2015,61.82,2.06,37.82,56.8,11.47,86.45,8.88,25.72,NA,116.34,203.22,207.48,NA,57.45,27.21,0.99,-0.33,124.17,732.36,Autumn,87.41,213.27,54.5,12.78,2.74
174,28-09-2015,37.19,1.58,55.14,53,9.18,67.2,6.89,21.85,NA,99.96,164.01,218.75,22.1,56.7,26.48,1.08,0.52,132.6,732.56,Autumn,86.45,203.22,37.82,11.47,2.06
175,29-09-2015,19.74,1.42,80.07,56.18,9.8,64.83,7.25,22.47,NA,98.3,150.84,202.66,23.12,56.76,26.39,1.31,0.56,132.03,732.08,Autumn,67.2,164.01,55.14,9.18,1.58
176,30-09-2015,5.43,1.22,77.86,75.33,10.52,50.11,6.36,18,NA,76.68,133.99,181.56,35.87,47.1,26.81,1.51,-0.12,132.63,731.71,Autumn,64.83,150.84,80.07,9.8,1.42
177,01-10-2015,110.62,2.09,104.16,92.38,14.36,77.97,9.35,25.97,NA,242.78,188.78,220.56,34.45,51.82,25.86,0.95,-0.16,131.98,731.74,Autumn,50.11,133.99,77.86,10.52,1.22
178,02-10-2015,75.62,1.91,104.18,88.49,12.5,89.44,10.41,28.52,NA,189.92,182.43,212.85,42.46,53.3,25.84,0.86,0.12,131.01,733.36,Autumn,77.97,188.78,104.16,14.36,2.09
179,03-10-2015,178.36,3.53,141.86,82.07,15.25,111.98,9.66,25.22,NA,367.53,276.14,217.74,31.94,54.42,27.31,0.96,0.86,119.81,731.5,Autumn,89.44,182.43,104.18,12.5,1.91
180,04-10-2015,174.45,3.4,122.03,73.87,13.91,121.71,9.85,28.81,NA,346.97,272.46,212.97,55.83,52.3,27.06,0.73,0.64,125.02,729.33,Autumn,111.98,276.14,141.86,15.25,3.53
181,05-10-2015,291.5,4.57,139.84,94.73,21.53,135.45,12.12,34.45,NA,518.08,313.4,216.21,49.1,49.53,26.92,0.6,-0.12,117.27,728.16,Autumn,121.71,272.46,122.03,13.91,3.4
182,06-10-2015,137.3,2.95,128.54,46.41,11.66,123.76,9,30.43,NA,302.02,278.67,213.11,53.9,50.16,26.95,0.95,0,122.1,721.67,Autumn,135.45,313.4,139.84,21.53,4.57
183,07-10-2015,48.11,2.19,97.41,36.18,11.04,146.11,6.28,21.63,NA,152.49,260.61,201.99,58.79,57.71,26.77,1.32,0.31,155.09,723.94,Autumn,123.76,278.67,128.54,11.66,2.95
184,08-10-2015,150.49,3.18,117.5,83.7,16.5,118.36,12.26,35.7,NA,308.78,281.92,204.36,45,43.56,29.18,1.24,-0.12,156.36,733.83,Autumn,146.11,260.61,97.41,11.04,2.19
185,09-10-2015,212.13,3.15,105.19,63.99,15.79,115.22,11.86,37.13,NA,383.42,318.61,236.88,36.3,50.44,26.15,1,-0.07,122.16,734.25,Autumn,118.36,281.92,117.5,16.5,3.18
186,10-10-2015,200.85,2.95,81.32,47.97,12.26,109.12,10.85,32.18,NA,346.75,310.79,233.36,37.85,46.14,26.09,1.22,-0.15,123.77,733.68,Autumn,115.22,318.61,105.19,15.79,3.15
187,11-10-2015,157.93,2.6,73.93,42.44,12.39,91.72,10.13,28.6,NA,281.55,249.67,230.17,35.79,47.57,26.24,1,-0.11,106.03,733.74,Autumn,109.12,310.79,81.32,12.26,2.95
188,12-10-2015,164.95,2.81,74.82,41.82,13.12,97.95,10.67,28.61,NA,291.95,248.82,223.52,37.97,53.47,26.53,0.86,0.78,120.66,733.38,Autumn,91.72,249.67,73.93,12.39,2.6
189,13-10-2015,42.46,1.77,70.81,41.16,9.45,105.43,6.96,19.28,NA,121.07,234.02,162.86,40.14,59.36,27.17,1.26,1.76,111.09,733.72,Autumn,97.95,248.82,74.82,13.12,2.81
190,14-10-2015,17.81,1.33,62.91,47.03,10.48,86.44,5.02,13.59,NA,80.37,178.66,148.72,30.58,57.33,25.93,1.25,1.66,108.3,733.86,Autumn,105.43,234.02,70.81,9.45,1.77
191,15-10-2015,92.82,2.33,101.09,67,13.49,104.68,9.2,27.86,NA,216.83,222.83,196.02,33.81,58.44,25.26,0.49,0.81,112.86,733.81,Autumn,86.44,178.66,62.91,10.48,1.33
192,16-10-2015,136,2.77,97.99,96.27,11.79,129.64,11.04,32.59,NA,273.04,244.94,207.55,42.67,56.17,26.37,0.59,1.53,134.32,733.53,Autumn,104.68,222.83,101.09,13.49,2.33
193,18-10-2015,113.29,3.17,120.28,159.7,13.33,171.95,10.64,27.67,NA,261.89,324.44,200.77,37.97,48.02,28.41,0.69,1.73,136.62,733.46,Autumn,NA,NA,NA,NA,NA
194,19-10-2015,204.78,3.88,110.02,82.16,15.41,170.99,11.9,32.27,NA,377.68,314.5,209.75,43.38,56.72,26.19,0.66,0.97,106.22,733.75,Autumn,171.95,324.44,120.28,13.33,3.17
195,20-10-2015,177.71,3.76,126.25,75.48,15.9,175.72,13.61,37.75,NA,355.18,333.39,229.39,43.13,53.79,26.49,0.68,0.3,102.7,733.75,Autumn,170.99,314.5,110.02,15.41,3.88
196,21-10-2015,51.6,2.21,93.64,123.3,12.63,190.09,10.25,28.95,NA,153.9,332.94,213.55,43.8,51.26,25.6,0.81,0.39,139.9,733.51,Autumn,175.72,333.39,126.25,15.9,3.76
197,22-10-2015,143.66,3.42,107.26,120.12,25.19,155.18,12.48,27.68,NA,291.76,NA,229.7,26.09,41.44,24.12,0.82,0.57,83.21,732.76,Autumn,190.09,332.94,93.64,12.63,2.21
198,23-10-2015,176.15,3.32,107.66,76.85,25.31,158.45,11.68,28.12,NA,336.48,350.23,236.82,33.81,48.77,21.76,1.03,0.27,109.06,733.5,Autumn,155.18,NA,107.26,25.19,3.42
199,24-10-2015,259.61,4.21,126.86,86.71,26.55,179.58,14.59,39.8,NA,467.56,364.18,231.13,38.92,50.35,22.36,0.62,-0.11,108.94,733.51,Autumn,158.45,350.23,107.66,25.31,3.32
200,25-10-2015,101.44,3.25,99.22,85.14,16.87,143.69,9.17,24.42,NA,226.93,291,157.01,38.24,46.31,23.53,1.32,0.56,104.64,733.49,Autumn,179.58,364.18,126.86,26.55,4.21
201,26-10-2015,146.41,3.85,90.57,80.75,27.19,109.4,8.43,22.57,NA,280.59,262.78,172.6,29.93,50.37,22.58,1.48,1.03,102.33,733.63,Autumn,143.69,291,99.22,16.87,3.25
202,27-10-2015,118.24,2.46,98.99,65.82,17.26,114.32,11.94,37.21,17.65,249.71,232.04,213.02,37.29,51.9,22.22,0.81,1.02,97.77,733.64,Autumn,109.4,262.78,90.57,27.19,3.85
203,28-10-2015,62.83,4.3,75.59,41.84,18.33,96.04,8.59,25.09,10.57,153.16,245.71,198.09,28.78,53.21,18.18,1.35,0.13,82.14,733.7,Autumn,114.32,232.04,98.99,17.26,2.46
204,29-10-2015,72.12,4.3,98.26,56.04,32.42,91.28,7.71,22.82,11.27,186.03,211.56,194.33,34.67,55.66,18.74,0.64,1.22,98.4,733.56,Autumn,96.04,245.71,75.59,18.33,4.3
205,30-10-2015,35,4.3,69.1,35.33,24.6,91.55,6.41,15.66,5.65,109.36,159.08,203.58,40.99,65.8,17.6,0.77,1.1,110.96,733.96,Autumn,91.28,211.56,98.26,32.42,4.3
206,01-11-2015,286.69,4.85,121.66,97.95,65.91,243.07,15.2,41.64,26.21,499.93,448.31,208.15,61.88,52.6,23.39,0.52,1.53,124.71,733.32,Autumn,NA,NA,NA,NA,NA
207,02-11-2015,392.71,5.15,89.57,82.68,62.95,180.21,16.08,43.7,32.22,616.1,383.23,229.87,70.85,62.7,20.96,0.48,1.67,89.98,733.56,Autumn,243.07,448.31,121.66,65.91,4.85
208,03-11-2015,334.6,5.42,115.57,64.22,50.03,250.73,15.71,40.26,28.58,559.93,423.3,220.13,72.07,60.74,21.26,0.41,1.07,75.89,734,Autumn,180.21,383.23,89.57,62.95,5.15
209,04-11-2015,377.16,5.78,76.89,75.19,54.28,264.32,14.96,40.55,29.48,579.63,448.49,224.44,78.35,63.23,20.76,0.53,1.43,88.26,733.68,Autumn,250.73,423.3,115.57,50.03,5.42
210,05-11-2015,81.14,2.12,91.67,37.44,29.11,130.09,8.5,27.19,14.38,192.48,234.99,138.75,59.78,65.08,19.33,1.2,0.53,67.26,733.34,Autumn,264.32,448.49,76.89,54.28,5.78
211,06-11-2015,77.9,2.09,83.48,65.63,31.61,144.7,10.42,28.88,13.49,180.76,264.18,215.97,63.45,62.95,19.93,0.46,0.7,96.89,733.69,Autumn,130.09,234.99,91.67,29.11,2.12
212,07-11-2015,103.2,5.73,144.39,41.54,30.01,323,15.48,38.01,19.91,269.58,498.88,201.79,96.02,63.64,19.43,0.46,1.36,83.37,733.82,Autumn,144.7,264.18,83.48,31.61,2.09
213,08-11-2015,110.66,1.91,122.28,35.53,40.23,228.38,13.02,30.36,15.66,260.07,364.67,164.87,74.09,58.51,19.76,0.64,1.38,84.82,733.74,Autumn,323,498.88,144.39,30.01,5.73
214,09-11-2015,402.4,4.42,82.9,89.94,66.44,216.49,14.98,42.54,28.45,623.4,380.31,211.24,76.61,63.64,19.39,0.52,1.35,80.94,733.66,Autumn,228.38,364.67,122.28,40.23,1.91
215,10-11-2015,362.39,5.4,113.93,80.78,58.91,307.12,17.51,45.4,32.35,596.4,500.12,204.75,93.44,64.04,20,0.48,1.44,82.81,733.78,Autumn,216.49,380.31,82.9,66.44,4.42
216,11-11-2015,42.83,2.19,88.92,73.58,66.89,341.67,10.39,23.22,13.06,137.72,508.85,220.85,65.36,52.01,19.71,0.96,0.67,96.36,733.43,Autumn,307.12,500.12,113.93,58.91,5.4
217,12-11-2015,39.98,2.07,82.06,76.15,37.59,302.24,9.05,16.01,8.75,127.72,459.51,244.1,56.98,52.87,19.19,1.25,1.04,95.44,733.31,Autumn,341.67,508.85,88.92,66.89,2.19
218,13-11-2015,50.38,2.76,104.85,63.81,30.89,326.87,10.93,24.02,14.2,162.21,463.73,232.45,65.49,56,19.58,0.83,1.23,81.78,733.98,Autumn,302.24,459.51,82.06,37.59,2.07
219,14-11-2015,49.94,2.43,94.84,51.95,29.13,237.48,10,21.78,11.59,152.71,365.46,237.22,61.64,57.74,19.8,0.89,1.28,91.02,733.75,Autumn,326.87,463.73,104.85,30.89,2.76
220,15-11-2015,185.65,3.46,99.41,79.52,38.9,228.57,12.78,28.52,15.69,341.2,399.71,229.8,64.69,57.83,20.02,0.54,1.14,93.61,733.77,Autumn,237.48,365.46,94.84,29.13,2.43
221,16-11-2015,301.31,4.02,92.1,15.28,34.56,212.03,15.98,42.53,28.77,493.54,393.98,235.09,74.97,62.66,17.99,0.48,1.42,79.49,734.26,Autumn,228.57,399.71,99.41,38.9,3.46
222,17-11-2015,364.15,7.04,98.8,5.85,50.24,241.12,15.22,40.22,27.82,585.34,506.54,245.56,50.94,51.18,14.61,0.3,-0.1,3.65,734,Autumn,212.03,393.98,92.1,34.56,4.02
223,18-11-2015,191.49,4.83,80.44,47.29,43.55,215.38,11.58,25.41,15.14,333.18,434.27,237.91,49.72,48.27,16.11,0.6,-0.12,95.5,733.48,Autumn,241.12,506.54,98.8,50.24,7.04
224,19-11-2015,293.22,6.27,110.06,40.75,41.56,292.18,14.22,37.4,22.25,498.5,497.67,238.84,63.28,55.18,16.12,0.37,-0.05,85.82,733.83,Autumn,215.38,434.27,80.44,43.55,4.83
225,20-11-2015,414.95,5.64,107.49,35.26,42.99,298.36,17.04,47.14,29.92,662.47,566.4,229.78,74.75,60.51,15.78,0.34,1.12,75.45,733.63,Autumn,292.18,497.67,110.06,41.56,6.27
226,21-11-2015,326.33,4.78,98.39,50.13,39.02,299.25,15.25,38.62,24.03,533.31,508.76,244.73,69.84,60.43,15.84,0.42,1.02,85.55,733.56,Autumn,298.36,566.4,107.49,42.99,5.64
227,22-11-2015,304.86,4.82,99.73,49.78,48.06,284.06,15.42,39.54,24.07,505.19,476.43,240.2,66.39,60.39,15.91,0.34,0.69,86.31,733.56,Autumn,299.25,508.76,98.39,39.02,4.78
228,23-11-2015,395.21,5.58,108.34,46.53,49.1,290.89,15.39,40.74,27.57,636.25,608.4,233.64,71.4,61.76,15.59,0.34,0.09,81.96,733.55,Autumn,284.06,476.43,99.73,48.06,4.82
229,24-11-2015,265.2,4.22,103.54,52.12,39.59,276.77,14.85,42.08,24.77,454.42,537.2,235.2,65.51,58.1,15.93,0.49,-0.01,81.32,733.52,Autumn,290.89,608.4,108.34,49.1,5.58
230,25-11-2015,63.17,1.92,85,60.38,32.6,166.16,9.23,20.88,9.79,162,316.55,236.69,44.47,50.39,16.4,0.78,0,79.94,733.64,Autumn,276.77,537.2,103.54,39.59,4.22
231,26-11-2015,170.22,2.96,83.71,49.72,41.57,219.03,12.85,26.71,16.73,307.05,386.95,214.12,52.93,53.48,16.82,0.39,-0.09,71.84,733.61,Autumn,166.16,316.55,85,32.6,1.92
232,27-11-2015,74.05,2.24,90.3,39.72,28.21,195.85,12.18,29.68,16.73,181.57,448.45,233.48,59.35,57.76,15.54,0.54,0.68,55.93,734.1,Autumn,219.03,386.95,83.71,41.57,2.96
233,28-11-2015,54.79,1.75,50.9,31.74,21.95,197.66,11.03,21.93,9.9,120.18,325.72,164,71.88,74.97,16.05,0.7,0.52,77.31,734.07,Autumn,195.85,448.45,90.3,28.21,2.24
234,29-11-2015,212.37,5.09,81.64,39.6,60,297.11,15.51,37.52,22.98,362.76,508.09,196.27,80.31,67.46,18.17,0.41,0.02,87.23,733.49,Autumn,197.66,325.72,50.9,21.95,1.75
235,30-11-2015,246.26,5.02,119.65,51.55,32.24,308.22,17.41,48.41,30.61,420.16,507.87,219.67,84.33,75.99,16.97,0.31,-0.67,55.29,734.1,Autumn,297.11,508.09,81.64,60,5.09
236,01-12-2015,93.61,2.62,74.81,42.87,29.16,200.26,12.99,31.94,16.64,194.5,357.69,198.47,55.98,71.62,16.56,0.37,-0.15,57.79,734.15,Winter,308.22,507.87,119.65,32.24,5.02
237,02-12-2015,143.97,3.02,87,13.97,53.02,207.68,12.96,36.41,18.57,274.12,423.06,228.53,50.72,63.35,15.79,0.38,-0.07,57.82,734.17,Winter,200.26,357.69,74.81,29.16,2.62
238,03-12-2015,61.96,2.1,77.94,18.1,24.32,223.81,11.05,26.05,11.54,154.06,432.28,246.49,50.64,65.32,14.53,0.73,-0.43,68.3,734.11,Winter,207.68,423.06,87,53.02,3.02
239,04-12-2015,182.93,3.5,65.42,20.12,38.55,321.26,11.37,22.57,13.06,308.11,506.44,251.09,41.69,62.53,14.74,0.95,-0.49,80.99,733.78,Winter,223.81,432.28,77.94,24.32,2.1
240,05-12-2015,409.98,6.24,70.55,22.88,50.12,550.23,16.33,45.37,31.47,621.77,509.14,222.65,59.25,62.19,15.32,0.39,-0.21,90.83,733.61,Winter,321.26,506.44,65.42,38.55,3.5
241,06-12-2015,307.9,5.7,61.59,25.74,50.43,285.2,15.22,40.45,28.03,475.37,555.18,213.22,60.19,63.38,17.02,0.61,-0.48,76.62,733.41,Winter,550.23,509.14,70.55,50.12,6.24
242,07-12-2015,210.87,4.48,53.08,25.16,38.64,261.64,13.23,29.81,21.15,335.28,456.76,188.81,55.33,73.3,14.43,0.51,-0.77,66.92,734.09,Winter,285.2,555.18,61.59,50.43,5.7
243,08-12-2015,332.48,5.82,58.07,21.1,44.38,248.03,14.26,37.7,26.16,505.8,507.37,206.86,54.56,70.51,14.96,0.46,-0.79,66.56,733.92,Winter,261.64,456.76,53.08,38.64,4.48
244,09-12-2015,151.22,3.7,72.48,23.51,21.04,247.13,12.46,31.08,19.54,271.08,390.62,145.54,53.82,73.18,14.68,1.08,-0.54,38.96,734.45,Winter,248.03,507.37,58.07,44.38,5.82
245,10-12-2015,136.63,3.74,84.27,21.59,38.2,240.03,11.66,28.84,16.44,261.33,415.32,168.2,56.13,69.07,15.77,0.99,-0.22,54.82,734.13,Winter,247.13,390.62,72.48,21.04,3.7
246,11-12-2015,104.28,2.86,83.07,14.36,32.29,243.82,11.51,27.24,14.21,216.42,467.56,219.92,61.68,71.23,14.04,1.06,-0.27,59.06,734.32,Winter,240.03,415.32,84.27,38.2,3.74
247,12-12-2015,51.88,1.97,72.68,12.97,27.48,221.43,10.69,18.77,6.6,135.61,353.27,234.31,55.44,82.81,9.76,1.07,-0.43,31.27,734.49,Winter,243.82,467.56,83.07,32.29,2.86
248,13-12-2015,139.45,2.22,83.97,18.49,38.31,232,9.59,17.06,8.69,265.25,290.25,227,43.75,60.3,10.01,0.86,-0.51,76.24,733.82,Winter,221.43,353.27,72.68,27.48,1.97
249,14-12-2015,159.2,2.17,95.02,15.99,23.3,NA,11.28,19.55,9.85,302.07,333.01,245.75,53.38,66.79,6.56,0.85,-0.14,46.58,734,Winter,232,290.25,83.97,38.31,2.22
250,22-12-2015,375.55,6.85,90.09,69.11,63.78,349.05,13.37,29.25,19.7,593.14,705.7,223.67,109.35,59.97,11.09,0.6,-0.12,57.2,734.01,Winter,NA,NA,NA,NA,NA
251,23-12-2015,198.7,4.06,103.05,50.15,37.95,442.18,14.8,29.81,15.18,363.17,624.42,226.9,116.6,69.75,9.3,0.8,-0.6,55.4,733.8,Winter,349.05,705.7,90.09,63.78,6.85
252,24-12-2015,154.9,3.49,95.89,53.21,41.87,214.22,10.66,26.91,14.59,296.98,374.28,251.08,62.12,52.37,8.18,0.82,-0.11,7.56,733.9,Winter,442.18,624.42,103.05,37.95,4.06
253,25-12-2015,64.38,1.81,81.33,64.81,28.98,171.2,8.21,15.42,7.35,160.38,288.81,244.21,55.48,55.45,8.13,1.36,-0.16,72.97,733.69,Winter,214.22,374.28,95.89,41.87,3.49
254,26-12-2015,105.34,2.48,84.48,75.31,46.18,233.5,9.16,16.74,9.25,219.13,364.51,237.24,69.61,53.91,9.5,1.21,-0.11,70.98,733.44,Winter,171.2,288.81,81.33,28.98,1.81
255,27-12-2015,46.76,1.9,89.72,68.19,37.04,255.28,9.66,14.76,6.35,143.8,389.32,245.09,77.25,54.46,11.26,1.27,-0.2,63.61,733.74,Winter,233.5,364.51,84.48,46.18,2.48
256,28-12-2015,13.52,1.36,81.64,89.45,32.82,174.42,7.07,10.94,3.89,90.93,309.34,238.41,65.79,50.39,13.63,1.6,-0.04,71.11,733.49,Winter,255.28,389.32,89.72,37.04,1.9
257,29-12-2015,41.91,1.62,88.52,70.7,32.69,196.2,8.02,11.31,4.31,136.1,370.47,248.93,71,54.06,13.27,1.57,-0.11,67.51,733.73,Winter,174.42,309.34,81.64,32.82,1.36
258,30-12-2015,197.31,3.58,91.35,54.33,41.95,279.05,12.12,25.35,12.58,350.85,414.98,226.08,87.53,60.59,12.73,0.71,-0.17,68.29,733.59,Winter,196.2,370.47,88.52,32.69,1.62
259,31-12-2015,249.86,4.33,87.87,51.44,39.41,274.42,13.49,37.51,21.14,419.51,411.61,232.2,86.91,61.06,12.42,0.69,-0.63,76.37,733.59,Winter,279.05,414.98,91.35,41.95,3.58
260,01-01-2016,276.34,3.81,111.39,46.54,44.75,411.9,14.52,35.75,20.53,476.62,572.48,240.11,109.22,66.45,11.52,0.6,-0.11,68.81,733.88,Winter,274.42,411.61,87.87,39.41,4.33
261,02-01-2016,182.05,2.95,85.58,53.44,35.42,288.64,11.96,31.52,17.21,323.98,416.27,225.53,88.03,63.83,11.39,0.77,-0.12,74.78,733.67,Winter,411.9,572.48,111.39,44.75,3.81
262,03-01-2016,151.42,3.73,84.77,61.44,47.88,391.96,12.09,19.07,10.34,282.32,539.71,242.59,97.45,65.31,11.01,1.06,-0.31,78.48,733.68,Winter,288.64,416.27,85.58,35.42,2.95
263,04-01-2016,339.68,5.28,109.72,18.28,66.79,448.18,15.89,34.53,22.89,561.2,637.94,203.88,113.37,73.2,10.29,0.42,-1.57,20.45,733.9,Winter,391.96,539.71,84.77,47.88,3.73
264,05-01-2016,169.76,5.56,107.81,43.01,57.41,333.82,13.09,31.85,20.25,327.89,524.32,208.85,96.64,65.22,14.69,0.63,0.08,72.2,733.5,Winter,448.18,637.94,109.72,66.79,5.28
265,06-01-2016,345.87,8,96.66,23.46,40.89,370.43,15.55,38.48,27.56,558.47,541.37,185.77,111.38,71.16,13.84,0.81,0.18,54.07,733.55,Winter,333.82,524.32,107.81,57.41,5.56
266,07-01-2016,364.86,7.19,101.74,44.83,42.38,417.8,16.08,40.93,26.33,582.23,635.61,210.6,144.82,73.67,14.42,0.49,-0.95,52.96,733.6,Winter,370.43,541.37,96.66,40.89,8
267,08-01-2016,127.37,3.75,74.05,31.42,25.44,322.06,13.6,29.02,13.85,239.93,477.85,242.43,101.29,77.74,12.49,1.13,-0.24,46.53,733.94,Winter,417.8,635.61,101.74,42.38,7.19
268,09-01-2016,69.07,2.2,78.08,38.16,34,204.16,8.84,12.55,5.93,163.11,332.37,245.9,60.28,67.99,10.9,1.52,-0.2,57.73,733.59,Winter,322.06,477.85,74.05,25.44,3.75
269,10-01-2016,172.35,3.21,76.83,61.62,39.42,195.46,9.61,18.3,10.55,303.84,333.03,236.32,61.66,63.86,12.57,0.85,-0.12,81.6,733.38,Winter,204.16,332.37,78.08,34,2.2
270,11-01-2016,361.75,5.45,58.76,77.65,43.74,243.85,12.55,31.57,21.7,546.38,450.96,209.22,71.04,65.79,12.87,0.66,-0.12,75.26,733.7,Winter,195.46,333.03,76.83,39.42,3.21
271,12-01-2016,175.69,3.28,77.33,72.51,34.09,160.26,8.39,23.3,14.32,308.83,350.9,173.42,63.89,59.37,15.61,1.17,-0.03,93.33,733.51,Winter,243.85,450.96,58.76,43.74,5.45
272,13-01-2016,39.79,2.12,85.73,61.47,26.93,270.73,8.16,15.42,6.07,130.73,417.57,198.78,82.1,71,13.86,1.08,-0.17,58.84,734.11,Winter,160.26,350.9,77.33,34.09,3.28
273,14-01-2016,34.48,1.62,74.71,44.21,19.62,208.99,7.79,18.47,5.31,112.47,337.89,194.32,61.25,73.52,11.87,1.12,-0.21,43,734.36,Winter,270.73,417.57,85.73,26.93,2.12
274,15-01-2016,17.29,1.22,59.5,33.6,17.29,156.26,6.06,12.8,3.4,76.62,265.67,183.84,51.85,75.32,9.04,1.47,-0.2,31.1,734.4,Winter,208.99,337.89,74.71,19.62,1.62
275,16-01-2016,18.99,1.13,59.31,52.21,19.6,140.71,4.81,9.49,2.54,77.19,265.17,215.11,44.99,70.2,9.49,1.77,-0.2,55.62,734.33,Winter,156.26,265.67,59.5,17.29,1.22
276,17-01-2016,57.97,1.65,74.12,53.43,30.12,180.65,6.06,12.68,4.98,145.22,292.78,193.28,48.98,66.84,10.02,0.86,-0.47,72.09,734.16,Winter,140.71,265.17,59.31,19.6,1.13
277,18-01-2016,163.24,3.14,88.09,51.69,32.72,260.65,10.87,27.08,12.43,301.41,455.69,198.84,62.83,71.91,9.33,0.68,-1.88,63.82,734.33,Winter,180.65,292.78,74.12,30.12,1.65
278,19-01-2016,27.6,1.78,91.39,33.14,24.8,248.74,8.73,16.57,4.83,119.11,422.25,188.98,61.92,79.41,8.16,1.06,-0.13,38.79,733.78,Winter,260.65,455.69,88.09,32.72,3.14
279,20-01-2016,39.79,1.79,80.32,69.2,26.23,233.21,7.44,12.68,3.33,125.89,411.94,225.41,50.74,75.52,7.58,1.06,-0.29,48.08,734.19,Winter,248.74,422.25,91.39,24.8,1.78
280,21-01-2016,101.95,2.63,82.81,88.11,31.05,220.31,8.7,21.58,8.68,213.22,379.93,199.66,44.9,67.93,8.12,1.2,-0.69,72.37,733.91,Winter,233.21,411.94,80.32,26.23,1.79
281,22-01-2016,133.22,3.2,93.35,87.64,31.49,305.39,11.21,27.54,11.31,265.1,480.18,168.88,66.08,75.63,7.01,0.96,-0.83,63.54,734.27,Winter,220.31,379.93,82.81,31.05,2.63
282,23-01-2016,120.63,3.63,92.31,93.18,35.05,269.05,10.47,22.57,10.76,246.99,554.65,175.1,71.07,70.66,9.28,0.73,-0.56,74.73,733.98,Winter,305.39,480.18,93.35,31.49,3.2
283,24-01-2016,34.97,2.64,91.5,63.39,23.22,289.42,11.39,20.6,5.87,129.27,410.3,215.9,60.95,79.12,6.92,1.27,-0.58,55.7,734.48,Winter,269.05,554.65,92.31,35.05,3.63
284,25-01-2016,60.38,2.02,89.97,51.16,32.68,208.46,7.76,15.17,5.66,162.02,382.41,186.75,44.46,67.03,7.54,1.14,-0.23,74.75,733.64,Winter,289.42,410.3,91.5,23.22,2.64
285,26-01-2016,59.62,2.8,102.03,55.78,26.42,306.21,9.34,18.78,6.17,172.32,484.23,150.99,63.88,70.76,10.06,0.73,-0.57,61.47,734.11,Winter,208.46,382.41,89.97,32.68,2.02
286,27-01-2016,152.31,3.6,91.59,67.7,31.12,232.53,9.39,20.21,10.06,288.86,405.19,201.99,66.34,65.83,12.85,0.69,-0.85,71.15,733.85,Winter,306.21,484.23,102.03,26.42,2.8
287,28-01-2016,276.42,4.27,91.49,33.7,48.37,217.52,10.99,27.24,14.73,459.02,462.3,226.84,67.97,63.03,12.79,1.03,-1.93,75.71,733.4,Winter,232.53,405.19,91.59,31.12,3.6
288,29-01-2016,278.73,4.51,119.92,46.5,45.97,246.44,12.11,30.8,18.1,487.49,525.4,199.75,74.32,65.34,14.41,0.66,-0.17,58.51,734.02,Winter,217.52,462.3,91.49,48.37,4.27
289,30-01-2016,201.14,5.34,122.18,49.43,46.68,256.06,10.44,30.02,15.77,383.54,543.76,185.26,87.81,68.53,16.13,0.64,-1.71,62.34,734.09,Winter,246.44,525.4,119.92,45.97,4.51
290,31-01-2016,58.23,2.01,89.41,43.29,19.06,192.43,7.66,19.9,7.08,159.19,319.89,184.94,56.43,60.99,14.93,1.33,-0.52,65.54,734.08,Winter,256.06,543.76,122.18,46.68,5.34
291,01-02-2016,52.42,1.47,89.48,47.95,28.03,131.82,6.55,15.64,5.4,151.32,269.99,213.23,44.21,59.31,12.52,1.23,-0.11,85.32,733.75,Spring,192.43,319.89,89.41,19.06,2.01
292,02-02-2016,76.6,1.79,92.95,60.31,27.05,152.24,7.22,16.11,6.23,187.42,348.68,229.21,40.5,53.61,11.35,1.3,-0.14,86.15,733.82,Spring,131.82,269.99,89.48,28.03,1.47
293,03-02-2016,37.41,1.42,91.97,64.24,43.64,138.77,6.15,12.57,4.56,133.03,385.27,230.58,35.22,51.89,11.55,1.73,-0.1,84.76,733.81,Spring,152.24,348.68,92.95,27.05,1.79
294,04-02-2016,135.54,2.28,92.05,61.39,42.6,138.9,6.91,13.97,6.73,267.11,362.48,230.4,38.43,52.2,11.72,1.54,-0.17,87.88,733.69,Spring,138.77,385.27,91.97,43.64,1.42
295,05-02-2016,186.44,3.09,104,74.47,60.18,183.98,9.86,20.16,10.24,347.28,463.29,224.25,48.76,54.61,12.26,0.94,-0.06,82.02,733.81,Spring,138.9,362.48,92.05,42.6,2.28
296,06-02-2016,270.09,3.67,87.85,66.77,37.95,153.3,9.91,26.64,14.44,439.26,372.09,191.41,50.77,61.5,12.74,1.05,0.38,80.31,733.73,Spring,183.98,463.29,104,60.18,3.09
297,07-02-2016,43.53,1.81,99.28,37.23,29.94,172.56,6.67,18.05,6.81,147.9,268.78,149.76,51.63,66.91,13.35,1,0.3,58.27,734.08,Spring,153.3,372.09,87.85,37.95,3.67
298,08-02-2016,77.04,1.85,72.78,49.47,30.9,125.65,7.05,18.56,6.28,170.04,226.85,207.52,44.97,65.45,12.91,1.11,-0.15,90.93,733.78,Spring,172.56,268.78,99.28,29.94,1.81
299,09-02-2016,99.49,2.2,80.77,60.15,35.52,191.43,7.45,15.98,6.6,207.84,333.33,219.46,45.1,65.88,13.36,1.07,-0.27,91.65,732.99,Spring,125.65,226.85,72.78,30.9,1.85
300,10-02-2016,205.6,3.09,94.02,78.16,39.93,217.49,8.73,21.63,12.92,364.54,435.96,218.95,41.85,62.34,13.61,0.63,-0.28,80.1,733.67,Spring,191.43,333.33,80.77,35.52,2.2
301,11-02-2016,168.95,2.72,75.47,75.05,33.17,131.6,6.58,17.55,11.22,297.15,364.7,193.23,35.56,53.07,15.02,0.94,0.05,89.6,733.44,Spring,217.49,435.96,94.02,39.93,3.09
302,12-02-2016,88.59,2.1,107.17,48.87,33.54,128.37,7.43,18.25,8.95,216.46,367.3,172.96,36.77,46.86,15.92,0.76,0.56,83.72,733.14,Spring,131.6,364.7,75.47,33.17,2.72
303,13-02-2016,39.02,1.41,81.13,34.82,23.69,124.55,5.17,12.99,4.51,125.57,322.89,149.98,39.79,54.03,13.79,1.3,0.15,73.61,733.39,Spring,128.37,367.3,107.17,33.54,2.1
304,14-02-2016,31.08,1.47,68.93,62.91,30.85,108.47,5.7,13.4,4.2,103.86,220.69,198.76,37.32,56.51,14.09,1.16,-0.02,94.43,733.46,Spring,124.55,322.89,81.13,23.69,1.41
305,15-02-2016,43.79,1.71,86.86,63.17,32.05,114.59,5.49,16.26,5.02,137.19,303.77,181.77,36.24,53.15,14.33,0.98,-0.07,83.22,733.49,Spring,108.47,220.69,68.93,30.85,1.47
306,16-02-2016,45.89,1.62,93.29,69.4,40.06,116.5,6.45,18.09,4.95,145.78,290.42,191.07,34.28,48.55,14.33,1.04,-0.06,94.9,733.32,Spring,114.59,303.77,86.86,32.05,1.71
307,17-02-2016,39.59,1.62,104.65,56.95,44.77,125.39,6.56,20.28,5.65,147.31,306.18,189.52,41.06,47.42,15.95,0.98,0.35,82.88,733.59,Spring,116.5,290.42,93.29,40.06,1.62
308,18-02-2016,52.37,1.91,90.64,25.69,37.59,151.29,6.92,18.44,5.98,152.27,279.39,212.34,59.42,66.11,15.63,1.27,0.1,44.76,733.77,Spring,125.39,306.18,104.65,44.77,1.62
309,19-02-2016,86.2,2.38,84.5,31.31,51.69,173.4,8.61,22.81,8.27,193,338.22,211.76,65,60.72,19.58,0.91,-0.07,84.49,733.62,Spring,151.29,279.39,90.64,37.59,1.91
310,20-02-2016,93.83,2.14,49.05,30.42,24.93,116.86,7.3,22.83,9.33,171.85,229.71,218.64,88.24,67.34,19.94,1.56,-0.21,84.9,733.77,Spring,173.4,338.22,84.5,51.69,2.38
311,21-02-2016,1.72,0.82,33.27,69.2,18.67,52.86,2.26,0,1.14,31.96,138.6,211,42.92,57.73,17.47,2.31,-0.21,114.84,733.39,Spring,116.86,229.71,49.05,24.93,2.14
312,22-02-2016,15.95,1.1,59.05,79.84,62.74,83.29,3.33,6.2,2.23,73.91,175.12,240.86,30.54,47.13,17.03,2.2,-0.22,110.18,733.52,Spring,52.86,138.6,33.27,18.67,0.82
313,23-02-2016,115.15,2.04,84.03,77.56,52.25,71.81,4.5,10.16,5.25,232.13,296.12,241.84,30.35,44.21,17.71,1.82,-0.21,117.43,733.48,Spring,83.29,175.12,59.05,62.74,1.1
314,24-02-2016,240.66,3.63,135.49,42.96,75.32,133.07,7.81,22.54,12.05,449.38,388.41,214.17,38.16,50.68,17.24,0.79,0.26,104.63,733.59,Spring,71.81,296.12,84.03,52.25,2.04
315,25-02-2016,171.71,1.91,104.15,56.02,23.09,99.44,6.32,17.58,9.55,327.28,292.81,180.4,39.61,52.07,17.77,1.07,0.15,111.61,733.67,Spring,133.07,388.41,135.49,75.32,3.63
316,26-02-2016,185.16,2.65,89.9,79.68,23.42,110.81,6.18,18.25,9.61,332.98,304.36,226.8,29.52,51.28,18.82,0.88,-0.08,113.49,733.68,Spring,99.44,292.81,104.15,23.09,1.91
317,27-02-2016,266.54,3.43,105.68,74.22,35.68,88.83,8.13,23.59,14.34,458.16,358.75,233.43,51.89,55.25,18.48,0.79,0.12,107.26,733.82,Spring,110.81,304.36,89.9,23.42,2.65
318,28-02-2016,254.5,3.45,92.16,69.02,NA,138.45,7.78,21.8,13.23,429.67,231.7,216.21,56.14,61.63,18.52,1,0.09,104.7,733.75,Spring,88.83,358.75,105.68,35.68,3.43
319,29-02-2016,230.22,3.55,80.06,70.35,5.14,151.36,7.4,20.43,12.85,385.73,223.01,229.45,56.09,62.49,19.64,0.77,-0.03,100.77,733.68,Spring,138.45,231.7,92.16,NA,3.45
320,01-03-2016,316.15,4.62,113.2,82.09,0,203.77,8.52,26.53,16.6,532.61,284.7,224.94,56.11,60.67,20.16,0.66,0.12,99.89,733.76,Spring,151.36,223.01,80.06,5.14,3.55
321,02-03-2016,268.68,3.6,106.85,90.94,18.39,182.76,8.28,23.21,13.93,462.12,255.1,239.42,52.66,55.47,21.27,0.69,-0.88,106.44,733.64,Spring,203.77,284.7,113.2,0,4.62
322,03-03-2016,202.38,3.17,109.16,82.29,8.87,122.56,8.84,25.79,13.25,373.64,310.75,216.01,50.8,53.5,22.11,0.81,0.27,108.87,733.45,Spring,182.76,255.1,106.85,18.39,3.6
323,04-03-2016,54.21,1.82,76.64,77.53,10.37,113.01,6.2,16.82,6.5,140.5,258.7,208.93,44.18,46.11,23.03,1.31,-0.03,109.3,733.84,Spring,122.56,310.75,109.16,8.87,3.17
324,05-03-2016,10.19,0.89,59.3,57.07,NA,52.53,3.11,8.22,2.35,66.75,196.4,172.16,32.03,49.52,20.27,2.16,-0.13,100.1,734.04,Spring,113.01,258.7,76.64,10.37,1.82
325,06-03-2016,16.03,1.34,59.61,50.78,NA,50.98,2.82,7.42,1.93,75,89.54,154.47,42.39,62.24,18.66,1.28,-0.03,105.71,734.24,Spring,52.53,196.4,59.3,NA,0.89
326,07-03-2016,23.81,1.39,65.06,70.1,38.29,87.51,4.61,11.89,3.04,90.48,207.48,185.74,54.75,58.43,20.25,1.27,-0.14,117.3,735.21,Spring,50.98,89.54,59.61,NA,1.34
327,08-03-2016,23.45,1.37,61.2,77.71,91.12,86.09,4.4,10.62,3.14,86.55,163.95,222.69,43.94,55.31,20.23,1.38,-0.54,126.05,734.32,Spring,87.51,207.48,65.06,38.29,1.39
328,09-03-2016,93.12,2.02,73.52,77.96,108.32,93.54,6.25,16.49,7.14,192.67,197.54,247.55,34.59,52.42,20.81,1.26,-0.17,122.59,733.51,Spring,86.09,163.95,61.2,91.12,1.37
329,10-03-2016,103.44,2.38,83.8,73.4,371.75,151.22,7.2,17.42,7.38,215.93,277.3,229.98,43.63,53.24,21.65,1.19,-0.16,128.72,733.86,Spring,93.54,197.54,73.52,108.32,2.02
330,11-03-2016,480.9,5.6,97.5,9.8,NA,NA,10.3,36.1,18.9,743.7,NA,NA,29.9,NA,NA,NA,NA,NA,NA,Spring,151.22,277.3,83.8,371.75,2.38
331,14-03-2016,138.83,2.37,83.91,65.26,36.34,70.18,5.64,18.66,8.7,264.35,155.17,208.07,27.61,51.86,20.8,1.03,0.11,126.46,733.33,Spring,NA,NA,NA,NA,NA
332,15-03-2016,211.36,2.62,61.38,84.36,87.87,102.3,7.41,22.54,11.07,343.33,187.78,232.37,39.21,60.22,18.98,1.18,-0.57,178.29,734.09,Spring,70.18,155.17,83.91,36.34,2.37
333,16-03-2016,11.08,1.04,66.09,88.68,117.25,61.52,2.57,10.61,2.86,74.03,139.24,203.12,28.42,39.76,23,1.9,0.22,145.46,733.52,Spring,102.3,187.78,61.38,87.87,2.62
334,17-03-2016,29.65,1.25,76.93,72.86,28.69,68.12,3.76,10.86,3.22,109.02,161.94,213.57,30.51,44.36,22.36,1.19,0.26,108.59,733.73,Spring,61.52,139.24,66.09,117.25,1.04
335,18-03-2016,83.33,2.08,79.16,63.7,73.44,89.58,4.93,12.33,6.07,184.33,204.33,189.9,36.23,49.48,22.7,1.41,0.09,114.36,733.59,Spring,68.12,161.94,76.93,28.69,1.25
336,19-03-2016,186.04,3.17,90.81,56.82,27.85,122.41,6.97,22.13,11.67,334.96,271.47,209.11,48.14,56.94,22.73,1,-0.08,118.65,733.28,Spring,89.58,204.33,79.16,73.44,2.08
337,20-03-2016,103.85,1.92,70.66,74.62,28.9,112.46,5.89,18.87,8.06,204.78,215.58,175.99,55.29,55.05,23.18,1.02,-0.01,126.24,733.65,Spring,122.41,271.47,90.81,27.85,3.17
338,21-03-2016,6.26,1.5,46.47,88.86,24.36,50.08,2.62,7.18,1.67,49.96,133.24,150.16,29.77,37.64,22.98,2.35,-0.48,135.29,733.58,Spring,112.46,215.58,70.66,28.9,1.92
339,22-03-2016,1.76,1.5,35.34,116.45,24,34.66,1.75,0,1.03,33.81,134.67,189.49,22.09,30.24,21.11,2.99,-0.28,139.85,733.9,Spring,50.08,133.24,46.47,24.36,1.5
340,23-03-2016,82.27,1.5,60.56,97.29,37.86,91.35,4.24,9.21,4.62,164.7,191.66,230.47,29.15,38.14,22.18,1.79,0.1,137.29,733.82,Spring,34.66,134.67,35.34,24,1.5
341,24-03-2016,154.75,2.14,85.84,80.56,30.4,185.7,7.6,18.6,11.14,287.81,327.07,236.16,47.06,44.15,24.19,0.69,-0.46,131.02,733.85,Spring,91.35,191.66,60.56,37.86,1.5
342,25-03-2016,75.33,2.73,93.94,83.96,36.39,149.37,7.9,18.04,10.4,186.58,282.49,207,49.93,45.23,25.52,1.05,0.21,125.74,734.03,Spring,185.7,327.07,85.84,30.4,2.14
343,26-03-2016,14.7,0.96,54.69,32.64,27.26,64.39,3.89,11.89,4.4,68.8,138.86,174.41,38.49,50.92,21.85,1.66,0.05,90.19,733.52,Spring,149.37,282.49,93.94,36.39,2.73
344,27-03-2016,10.91,0.76,49.95,94.03,30.24,52.1,2.5,7.76,1.95,59.13,98.74,172.22,27.5,41.03,23.32,1.48,0.3,134.3,733.1,Spring,64.39,138.86,54.69,27.26,0.96
345,28-03-2016,30.24,1.05,66.74,88.31,39.41,77.68,4.06,12.35,3.57,100.77,125.2,212.97,29.56,39.57,23.11,1.24,0.12,136.86,733.8,Spring,52.1,98.74,49.95,30.24,0.76
346,29-03-2016,9.41,0.96,60.52,107.99,51.9,97.28,4.47,6.82,1.46,66.78,188.39,228.98,31.65,38.66,24.01,1.7,0.23,184,734.48,Spring,77.68,125.2,66.74,39.41,1.05
347,30-03-2016,127.71,2.47,90.95,124.35,40.7,102.3,5.68,18.91,10.21,255.44,244.96,215.97,27.37,29.49,29.13,1.11,-0.08,143.76,733.8,Spring,97.28,188.39,60.52,51.9,0.96
348,31-03-2016,206.95,3.26,87.51,75.01,31.61,142.73,7.69,25.5,12.79,360.6,296.22,252.56,38.6,43.94,26.1,0.83,-0.12,166.59,733.77,Spring,102.3,244.96,90.95,40.7,2.47
349,03-04-2016,6.65,1.85,130.47,NA,59.03,140.65,4.89,13.1,5.2,125.1,291.7,151.94,47.52,37.86,34.39,1.1,0.17,67.45,734.94,Summer,NA,NA,NA,NA,NA
350,04-04-2016,1.41,0.7,31.38,NA,21.13,107.92,1.76,0,1.71,29.84,226.24,175.27,42.08,21.43,38.37,1.48,-0.38,345.68,736.08,Summer,140.65,291.7,130.47,59.03,1.85
351,05-04-2016,17.62,1,99.32,NA,59.99,61.57,NA,NA,NA,112.56,173.17,129.98,23.97,23.54,NA,1.18,NA,NA,NA,Summer,107.92,226.24,31.38,21.13,0.7
352,06-04-2016,58.28,1.78,87.1,NA,49.74,90.53,4.3,10.97,4.85,157.2,217.24,202.64,30.62,26.7,28.78,0.99,-0.09,135.17,733.69,Summer,61.57,173.17,99.32,59.99,1
353,07-04-2016,37.33,1.37,64.44,NA,55.8,116.69,5.21,10.86,4.25,108.4,271.38,219.19,38.24,34.58,26.33,1.64,-0.15,126.97,733.59,Summer,90.53,217.24,87.1,49.74,1.78
354,08-04-2016,84.39,0.5,86.31,NA,62.1,77.29,4.54,12,5.81,192.15,181.59,180.02,25.81,31.03,26.41,0.96,0.1,137.24,733.53,Summer,116.69,271.38,64.44,55.8,1.37
355,09-04-2016,123.78,1.09,90.58,26.29,59.76,127.71,7.16,18.52,9.08,249.74,272.3,206.74,31.14,29.7,27.91,0.99,0.18,134.48,733.64,Summer,77.29,181.59,86.31,62.1,0.5
356,10-04-2016,47.32,1.32,76.29,86.1,47.59,86.76,4.2,12.71,4.62,132.6,201.94,180.41,28.64,24.17,28.92,0.97,-0.03,121.85,733.57,Summer,127.71,272.3,90.58,59.76,1.09
357,11-04-2016,2.12,0.52,40.02,90.79,21.42,77.23,1.84,6.37,1.94,38.54,251.6,156.42,29.51,30.84,27.01,2.25,-0.17,139.91,734.04,Summer,86.76,201.94,76.29,47.59,1.32
358,12-04-2016,2.49,0.6,40.78,118.52,30.1,74.81,2.28,0,1.05,39.7,240.3,201.28,25.84,30.31,27.12,2.26,-0.19,143.24,733.79,Summer,77.23,251.6,40.02,21.42,0.52
359,13-04-2016,39.22,1.21,61.14,97.16,47.6,110.49,3.76,8.61,3.14,107.65,337.2,215.03,24.39,26.94,28.68,2,-0.18,142.11,733.76,Summer,74.81,240.3,40.78,30.1,0.6
360,14-04-2016,75.1,1.67,74.62,78.56,54.27,131.82,5.68,11.9,5.53,169.04,327.22,236.33,26.04,26.51,29.5,1.39,-0.03,142.03,733.89,Summer,110.49,337.2,61.14,47.6,1.21
361,15-04-2016,118.03,2.41,80.91,89.89,56.76,136.95,6.34,18.63,9.19,232.66,312.41,229.81,33.26,25.96,31,1.26,-0.13,146.23,734.22,Summer,131.82,327.22,74.62,54.27,1.67
362,17-04-2016,29.13,0.96,54.99,72.59,28.18,108.41,2.43,7.71,3.66,88.78,315.92,184.78,25.8,21.82,34.75,1.1,-0.13,158.95,734.01,Summer,NA,NA,NA,NA,NA
363,18-04-2016,49.54,1.48,64.52,68.03,40.75,105.52,4.23,9.69,4.43,125.15,283.21,240.35,28.09,26.89,32.36,1.33,-0.15,131.35,733.69,Summer,108.41,315.92,54.99,28.18,0.96
364,19-04-2016,101.62,2.29,90.86,74.09,45.08,160.05,5.55,17.96,7.29,219.73,378.31,220.59,33.59,29.96,31.52,0.8,-0.1,118.48,734.45,Summer,105.52,283.21,64.52,40.75,1.48
365,20-04-2016,15.29,1.6,56.94,95.39,50.45,132.6,3.4,5.92,1.79,71.61,359.76,234.26,23.76,23.32,31.27,1.9,-0.18,135.8,732.27,Summer,160.05,378.31,90.86,45.08,2.29
366,21-04-2016,12.53,0.93,56.07,105.12,33.4,116.66,2.31,5.88,1.86,66.88,362.42,215.15,16.43,21.5,31.36,1.97,-0.21,142.65,730.58,Summer,132.6,359.76,56.94,50.45,1.6
367,22-04-2016,34.54,0.98,69.54,100.64,45.79,146.71,3.9,8.95,3.46,109.13,299.04,197.43,23.04,25.16,30.93,1.29,0.04,127.97,731.83,Summer,116.66,362.42,56.07,33.4,0.93
368,23-04-2016,94.84,1.82,77.7,111.44,42.52,126.37,3.98,10.99,4.82,198.75,278.81,209.25,26.1,24.8,28.51,1.29,-0.14,142.77,733.77,Summer,146.71,299.04,69.54,45.79,0.98
369,24-04-2016,168.75,2.65,98.03,134.26,54.65,163.89,6.1,17.39,8.89,317.8,319.43,213.62,25.83,21.07,28.18,1.03,-0.13,140.34,733.64,Summer,126.37,278.81,77.7,42.52,1.82
370,25-04-2016,109.91,2.47,95.23,147.33,48.94,128.23,4.21,12.34,6.43,233.87,290.56,213.05,22.07,17.75,29.32,1.05,-0.12,140.94,733.68,Summer,163.89,319.43,98.03,54.65,2.65
371,26-04-2016,260.68,3.94,138.18,128.23,45.37,176.09,7.07,23.18,13.78,479.12,380.64,218.02,25.9,23.89,30.05,0.71,-0.11,132.94,733.26,Summer,128.23,290.56,95.23,48.94,2.47
372,27-04-2016,287.67,3.88,134.4,130.05,40.86,221.67,7.8,24.2,15.16,512.6,439.03,226.93,35.9,27.15,30.11,0.82,-0.11,122.62,733.37,Summer,176.09,380.64,138.18,45.37,3.94
373,28-04-2016,161.22,2.9,106.05,127.12,57.68,245.86,7.14,19.8,10.57,314.66,494.28,241.02,33.38,21.69,30.31,1.19,-0.11,136.69,733.29,Summer,221.67,439.03,134.4,40.86,3.88
374,29-04-2016,120.32,2.91,101.89,144.91,59.14,197.8,5.89,16.34,8.51,255.1,411.01,238.5,27.85,19.59,30.87,1.23,-0.12,143.49,733.45,Summer,245.86,494.28,106.05,57.68,2.9
375,03-05-2016,11.59,1.51,120.25,96.8,40.74,150.74,3.77,12.06,4.38,122.95,399.96,165.93,34.47,25.04,34.55,1.19,-0.02,125.1,733.57,Summer,NA,NA,NA,NA,NA
376,04-05-2016,37.3,1.37,87.96,48.76,42.16,148.99,3.41,10.55,4.38,129.31,368.98,192.41,63.27,31.05,30.65,1.43,-0.07,103.94,733.61,Summer,150.74,399.96,120.25,40.74,1.51
377,05-05-2016,8.56,0.81,56.7,72.28,29.85,65.95,1.5,5.89,2.41,62.21,163.66,183.72,50.86,41.92,27.23,2.61,-0.04,122.18,733.95,Summer,148.99,368.98,87.96,42.16,1.37
378,06-05-2016,36.49,1.15,72.93,79.72,33.04,59.72,2.36,7.59,3.36,114.63,130.78,204.94,37.08,35.83,27.99,1.02,-0.08,129.47,733.86,Summer,65.95,163.66,56.7,29.85,0.81
379,07-05-2016,8.85,1.12,82.27,112.44,28.28,87.66,2.64,7.18,3.17,85.39,176.87,186.07,42.09,33.95,30.14,0.73,-0.04,114.92,733.86,Summer,59.72,130.78,72.93,33.04,1.15
380,08-05-2016,16.94,1.45,85.69,103.24,37.29,108.38,3.68,8.99,3.72,99.48,228.33,180.7,53.47,36.43,30.99,1.3,-0.05,127.58,733.34,Summer,87.66,176.87,82.27,28.28,1.12
381,09-05-2016,3.92,1.08,60.88,79.31,33.04,98.07,2.09,5.56,2.08,59.58,179.73,146.43,62.75,39.21,30.59,2.21,0.18,124.26,733.7,Summer,108.38,228.33,85.69,37.29,1.45
382,10-05-2016,6.14,1.05,69.41,75.7,36.13,79.69,2.34,6.92,2.34,70.23,171.49,153.31,45.1,35.95,31.08,2.2,0.06,133.53,733.64,Summer,98.07,179.73,60.88,33.04,1.08
383,11-05-2016,3.76,1.04,66.81,112.45,27.71,62.41,1.76,6.36,2.03,64.65,108.32,166.57,47.15,45.05,29.83,1.68,-0.02,138.33,734.1,Summer,79.69,171.49,69.41,36.13,1.05
384,12-05-2016,23.46,1.58,90.3,82.38,24.65,90.06,3.19,9.02,3.84,112.5,189.14,188.91,66.39,40.98,32.54,0.98,-0.13,140.22,733.53,Summer,62.41,108.32,66.81,27.71,1.04
385,13-05-2016,29.92,1.23,72.72,66.15,25.01,89.94,2.37,9.36,4.28,105.64,217.65,216.75,40.19,28.95,34.49,1.3,-0.12,140.85,733.32,Summer,90.06,189.14,90.3,24.65,1.58
386,14-05-2016,76.89,2.1,104.09,109.5,35.18,110.15,3.81,11.53,5.92,197.74,246.55,198.81,37.96,30.36,33.81,0.97,-0.11,139.6,733.26,Summer,89.94,217.65,72.72,25.01,1.23
387,15-05-2016,117.32,2.86,125.44,126.34,46.2,140.45,4.97,16.01,9.05,271.97,308.47,183.72,42.02,26.72,35.83,0.99,-0.1,135.55,733.4,Summer,110.15,246.55,104.09,35.18,2.1
388,16-05-2016,50.69,1.35,86.06,86.56,29.14,109.38,3.23,10.25,4.96,145.89,211.92,212.73,30.42,22.73,34.7,1.3,-0.13,141.51,733.2,Summer,140.45,308.47,125.44,46.2,2.86
389,17-05-2016,36.82,1.55,91.3,85.02,58.85,117.97,4.53,9.27,3.51,131.62,258.16,227.25,26.68,20.86,35.08,1.27,-0.14,140.29,733.33,Summer,109.38,211.92,86.06,29.14,1.35
390,18-05-2016,115.32,2.62,127.23,69.15,59.69,188.37,5.5,16.7,8.76,270.84,320.98,227.17,25.3,24.5,33.65,0.9,-0.1,105.64,733.43,Summer,117.97,258.16,91.3,58.85,1.55
391,19-05-2016,10.24,3.21,82.47,72.35,54.54,116.11,3.48,10.17,4.54,87.46,258.38,160.8,44.33,34.3,33.99,2.02,0.07,141.03,733.97,Summer,188.37,320.98,127.23,59.69,2.62
392,20-05-2016,9.54,4.69,63.45,36.71,25.02,93.97,2.5,7.77,3.77,69.47,232.93,159.29,59.8,43.33,34.25,2.2,0.07,139.76,733.89,Summer,116.11,258.38,82.47,54.54,3.21
393,21-05-2016,1.83,1.07,43.83,25.91,16.01,114.22,1.93,0,1.78,41.56,310.93,152.59,53.78,44.49,33.88,2.54,0.11,138.76,733.56,Summer,93.97,232.93,63.45,25.02,4.69
394,22-05-2016,1.86,1.07,50.57,52.75,21.68,98.33,2,5.12,1.6,47.58,239.99,149.87,41.73,43.78,34.27,1.93,0.02,137.98,733.53,Summer,114.22,310.93,43.83,16.01,1.07
395,23-05-2016,5.73,0.84,53.8,51.64,29.1,93.58,1.42,0,1.43,55.72,206.36,157.74,42.69,48.13,30.07,2.45,-0.02,107.41,734.5,Summer,98.33,239.99,50.57,21.68,1.07
396,24-05-2016,19.87,1,58.69,53.91,21.8,66.71,1.67,5.65,2.22,79.42,157.33,194.41,36.68,53.8,27.79,1.66,-0.1,132.3,734.24,Summer,93.58,206.36,53.8,29.1,0.84
397,25-05-2016,29.8,1.15,75.98,30.47,17.45,127.84,2.69,9.86,3.44,108.39,316.79,238.63,53.76,51.16,29.26,1.44,-0.18,124.18,733.83,Summer,66.71,157.33,58.69,21.8,1
398,26-05-2016,57.06,0.91,68.71,40.98,18.91,161.62,2.06,7.5,3.58,139.13,438.37,235.62,46.56,46.02,31.35,1.02,-0.14,144,733.9,Summer,127.84,316.79,75.98,17.45,1.15
399,27-05-2016,48.15,0.91,72.45,87.46,18.91,287.42,2.71,9.76,4.69,130.06,596.41,240.09,41.28,32.97,34.52,1.6,-0.15,138.25,733.96,Summer,161.62,438.37,68.71,18.91,0.91
400,28-05-2016,14.21,0.81,46.07,46.74,24.12,157.15,1.75,0,2.01,60.46,434.31,249.63,27.4,32.09,33.95,2.15,-0.24,143.11,733.51,Summer,287.42,596.41,72.45,18.91,0.91
401,29-05-2016,1.64,0.63,32.67,120.28,14.09,63.49,0.99,0,0.81,31.32,216.53,159.97,30.43,44.69,29.9,2.99,0.01,176.09,733.83,Summer,157.15,434.31,46.07,24.12,0.81
402,30-05-2016,34.38,1.27,61.31,41.64,18.18,58.36,2.21,7.73,3.4,101.07,118.35,186.85,41.33,66.97,23.9,1.33,-0.09,87.97,734.55,Summer,63.49,216.53,32.67,14.09,0.63
403,31-05-2016,23.09,1.08,57.55,68.12,9.5,77.29,2.05,8.29,2.8,82.81,182.48,222.03,44.88,52.51,29.41,1.38,-0.18,145.52,733.82,Summer,58.36,118.35,61.31,18.18,1.27